	Accx	Accy	Accz	Apogeo1	Apogeo2	Tiempo	Altura	Presion	GPSlat	GPSlong	Power	Fases	temp	girox	giroy	giroz
0	9.2018	64.1115	60.0421	57.8627	78.0293	341	3264.26	101326.0	176.22843	-151.081557	1	4	6.853	252.0	253.5	192.63
1	6.5932	33.17	87.1427	46.0405	85.4964	1705	3363.59	101192.678	-21.285991	-111.698015	1	3	12.442	188.37	22.77	11.04
2	45.4431	29.8519	65.1303	20.139	64.6688	866	2823.03	101059.356	-146.237325	-26.641039	0	2	-30.715	153.68	326.69	216.18
3	84.8075	6.8613	3.5644	33.248	2.9518	831	3753.4	100926.034	-94.571206	-81.102861	1	4	-26.558	131.44	240.38	289.12
4	11.844	64.7177	18.2453	1.3643	25.4556	140	2607.02	100792.712	4.890561	85.507864	1	3	6.096	174.48	52.3	124.4
5	23.0249	54.2576	91.0223	17.7598	70.5007	1168	1274.48	100659.39	128.37855	-87.609034	1	1	17.928	202.81	322.46	344.96
6	48.868	76.8216	70.6357	47.5626	29.4008	1206	2846.78	100526.068	-164.434168	-158.249284	1	2	-22.559	112.01	229.34	6.91
7	51.5638	32.8431	26.9626	70.7188	38.1935	521	963.6	100392.746	-105.84144	-122.312562	0	3	-30.268	171.96	158.58	66.94
8	87.1867	63.8	8.8823	62.2902	31.4708	898	2075.96	100259.424	170.363286	83.56507	1	5	1.678	186.91	286.38	75.88
9	42.6759	0.9831	28.5293	68.807	34.4253	1179	3726.99	100126.102	95.145112	-131.847959	0	4	-39.763	263.36	135.97	39.42
10	19.3968	41.2364	74.2543	89.3953	35.8137	1516	4633.15	99992.78	-0.496154	-140.343052	1	5	6.888	178.02	112.77	285.89
11	88.4881	63.2557	1.9806	71.5075	20.1008	1430	779.58	99859.458	99.612556	116.563094	0	6	18.832	2.21	180.09	26.15
12	40.0822	36.5808	26.0716	6.6045	60.5885	1476	2176.58	99726.136	-116.260157	-166.764723	1	2	-33.756	128.61	123.94	65.6
13	3.1508	60.2541	86.5686	55.0405	86.132	949	3253.72	99592.814	84.324134	161.919362	0	1	0.159	133.76	4.73	162.28
14	52.0515	35.047	64.5036	83.2586	67.0382	369	3560.42	99459.492	142.986759	-29.349498	1	5	-19.805	136.5	231.14	273.57
15	31.9951	28.5056	36.1816	3.9841	53.2915	1466	4726.44	99326.17	-149.449735	2.004921	1	3	3.768	254.17	351.87	182.4
16	29.4854	14.3854	56.2771	40.3588	20.9366	1793	1172.95	99192.848	-56.834977	41.671306	0	5	25.533	62.67	71.41	185.39
17	46.7328	57.8682	64.2603	96.0033	70.2749	1118	396.11	99059.526	24.236712	15.100324	0	6	-21.561	347.96	244.5	229.58
18	97.4881	79.6249	79.0794	76.0002	61.6929	1339	3242.48	98926.204	98.54084	82.886419	1	1	10.766	75.04	92.43	88.04
19	29.2294	15.2393	63.4272	78.7297	83.7411	629	4283.01	98792.882	-51.513948	-111.71554	1	3	-7.302	352.03	258.25	171.45
20	42.2338	13.3784	97.9185	10.8876	34.1263	1741	3925.24	98659.56	-148.013152	-33.346583	1	3	-37.005	147.52	199.02	355.51
21	75.5882	10.0125	88.8719	43.9339	69.6519	785	4207.66	98526.238	85.488967	102.405882	0	2	-20.356	103.86	96.1	64.8
22	9.9488	39.1679	82.4642	76.2758	82.0923	1284	4677.04	98392.916	147.356987	18.768084	1	2	-17.038	344.81	34.97	129.27
23	24.2974	5.9297	83.799	61.0302	31.8268	584	2597.89	98259.594	-151.302352	-126.469829	1	6	-23.124	69.86	45.12	144.76
24	74.7115	98.8452	7.8714	19.093	58.1516	1021	2324.01	98126.272	-88.055493	-94.668178	1	6	3.795	228.36	331.19	207.84
25	73.2655	4.1498	91.9057	53.2987	8.5571	1051	1128.37	97992.95	78.477923	134.081319	0	3	11.359	282.1	300.73	33.78
26	10.4446	84.4767	17.5759	33.6667	71.2677	341	1074.88	97859.628	68.431206	30.554528	0	4	17.473	266.54	192.05	316.56
27	77.394	71.9282	98.6893	10.484	75.3287	27	4084.26	97726.306	113.587524	-159.349498	1	4	2.875	340.46	204.37	186.74
28	95.7743	77.911	95.7221	37.6966	15.9281	206	4788.67	97592.984	164.639556	-177.711636	0	0	9.756	74.64	139.19	270.78
29	57.12	21.5478	21.4976	66.0378	75.4836	804	4598.82	97459.662	90.222676	65.441744	1	0	-10.356	318.81	350.23	86.61
30	9.726	40.7805	74.735	69.3805	95.0839	1288	4383.11	97326.34	80.508803	-44.430729	0	5	16.414	151.03	23.33	22.07
31	19.5142	6.6559	13.8561	30.3027	24.0862	1295	2225.15	97193.018	-122.070578	109.331755	0	2	21.395	126.82	81.65	201.09
32	48.7812	89.96	57.1658	62.8584	94.1393	1367	425.58	97059.696	13.658045	173.498216	0	1	-7.644	54.84	32.64	309.57
33	60.0987	8.7728	72.2187	44.8559	39.4839	1651	1732.86	96926.374	47.644904	154.167124	0	6	2.534	192.93	23.58	269.43
34	15.2929	62.4731	4.5686	1.943	7.0245	1789	2941.58	96793.052	-117.252591	15.236517	0	3	5.173	76.09	59.34	119.07
35	19.7442	66.7548	77.9609	64.3655	30.7131	1203	2543.59	96659.73	-97.924808	51.492746	0	5	-12.368	332.97	57.04	200.09
36	52.8323	27.5042	10.1607	60.6417	75.2896	1797	2350.79	96526.408	21.826339	-125.332145	0	1	27.532	26.81	135.3	288.13
37	76.8956	92.1931	98.7121	86.8387	67.0733	161	1605.43	96393.086	-172.25686	-58.481814	1	3	22.939	14.74	196.0	233.24
38	54.0768	82.7786	16.0414	70.1052	58.4945	85	1236.78	96259.764	-171.051119	71.251191	0	2	-17.876	41.1	59.89	352.8
39	67.2737	42.4067	45.6316	7.6656	39.3111	1546	1765.87	96126.442	-112.294842	-18.049867	1	2	0.244	357.35	110.26	21.89
40	48.8566	27.8541	42.3469	21.8725	83.1952	1793	458.69	95993.12	-144.834857	17.770115	0	0	-39.112	66.29	68.87	258.59
41	51.331	51.7565	81.4463	7.3934	72.7467	1522	4771.84	95859.798	151.256994	71.725453	1	0	19.397	168.53	15.41	310.76
42	57.0736	3.2489	75.4307	88.2627	6.3139	1377	1048.74	95726.476	-66.579725	108.886948	1	2	-22.977	349.75	60.62	265.19
43	85.0681	84.7913	44.4792	2.5332	44.6113	1463	1459.13	95593.154	149.274722	-108.479578	1	3	28.41	253.34	312.0	220.48
44	69.6001	19.5156	60.0564	38.4437	44.5227	1192	4589.65	95459.832	76.297662	-57.582101	1	4	-37.284	221.73	183.03	12.21
45	35.3709	96.4856	6.0062	40.068	58.5246	358	206.78	95326.51	-179.859596	62.335409	1	5	-33.653	205.39	140.66	34.18
46	24.1386	73.392	62.2265	68.7812	38.4439	1449	1717.12	95193.188	178.69028	-26.702069	1	6	28.017	257.07	105.2	23.51
47	52.4603	77.3182	42.5552	4.3284	72.0366	1548	4915.65	95059.866	147.024278	-167.163592	1	4	-36.994	24.33	152.0	136.95
48	41.2417	78.1847	76.7695	57.9432	38.997	1648	1072.48	94926.544	-177.700312	95.529522	1	4	-9.112	209.39	29.16	161.52
49	92.7209	8.1654	64.0391	43.7541	24.1327	1428	1293.13	94793.222	4.640091	61.673948	1	3	-33.562	154.95	207.65	285.4
50	32.0452	2.3502	84.6746	71.3275	86.2684	1260	471.82	94659.9	51.728418	169.383058	0	5	-22.361	16.52	200.77	290.52
51	56.9972	0.0721	41.1239	9.8674	37.1521	136	1643.76	94526.578	-96.672156	-58.574622	0	2	-1.439	306.19	29.67	342.71
52	12.6182	22.6288	59.1653	89.1598	46.9778	523	624.43	94393.256	106.080119	-35.072643	0	3	9.271	146.6	310.23	347.66
53	93.0792	40.6172	56.3982	60.3993	77.1545	840	3570.31	94259.934	155.929921	9.984544	1	0	-0.837	22.07	26.45	100.19
54	96.6316	84.072	40.8471	24.2891	51.025	99	3809.76	94126.612	-84.434108	63.713301	0	3	-14.627	190.85	288.95	131.71
55	40.4573	88.641	17.2947	40.7365	41.2996	1355	122.63	93993.29	147.112937	-49.381215	0	3	11.924	264.74	98.99	286.51
56	22.5187	72.2819	48.5264	83.2401	71.1408	698	1789.98	93859.968	96.129802	97.501614	1	3	-9.503	189.82	40.38	336.07
57	35.2324	84.8688	62.1756	89.6761	86.4861	254	2723.8	93726.646	-12.675186	118.646151	1	1	-30.296	319.56	261.54	175.13
58	25.4774	97.5346	92.4783	97.9275	15.8729	1646	2598.17	93593.324	-156.121075	-144.942623	0	2	-25.336	20.66	117.76	248.79
59	94.027	93.5775	50.7044	89.0623	33.0062	1187	1421.86	93460.002	-129.770788	20.455922	0	1	-4.448	281.63	80.14	344.05
60	10.3723	72.4036	82.468	88.9352	53.7914	124	2201.26	93326.68	-177.72527	-125.778163	1	3	5.774	308.15	311.2	148.83
61	5.8908	6.5755	63.5985	60.2699	91.419	513	2790.75	93193.358	113.609803	-137.567379	1	6	-30.873	264.04	30.9	157.57
62	18.9404	82.3384	5.0604	88.6058	90.205	135	101.45	93060.036	-126.042568	-64.581879	0	3	-28.957	117.17	199.59	165.78
63	16.1054	5.2202	7.7657	16.831	8.2853	1089	4137.0	92926.71399999999	173.598275	165.840974	0	1	-34.111	189.28	248.56	141.83
64	29.4864	72.0488	34.4625	13.27	85.0985	1567	2142.29	92793.39199999999	-162.23687	-49.28308	0	4	6.862	143.29	100.77	225.31
65	63.9089	23.0274	63.4447	60.3086	74.2835	463	3037.21	92660.06999999999	110.864418	131.014514	1	3	24.979	304.71	234.33	216.95
66	93.5648	68.0214	8.4218	20.2461	35.3063	1653	4383.19	92526.74799999999	98.658872	-7.5459	1	3	16.567	289.55	347.26	120.87
67	73.3139	23.694	25.8963	63.9752	47.5824	1018	3727.54	92393.42599999999	56.247655	44.425989	0	2	2.763	305.58	190.1	233.11
68	2.0587	18.3916	89.6186	50.1311	5.6646	1741	3515.95	92260.10399999999	82.104498	-45.762784	0	6	27.882	83.44	52.94	153.07
69	82.3794	60.6692	39.5103	69.6362	63.9111	1687	4506.15	92126.78199999999	140.589894	10.138971	0	2	18.685	258.95	333.32	106.63
70	97.9507	4.648	63.7223	78.9412	25.3762	539	4855.86	91993.45999999999	177.380062	179.930252	0	1	-26.824	267.11	240.75	154.66
71	70.5391	4.8021	69.6185	67.9351	32.8618	1497	2576.11	91860.13799999999	-6.774688	154.006823	1	3	-17.636	324.3	259.06	256.71
72	87.2492	29.5868	49.4901	31.0025	70.8294	916	402.71	91726.81599999999	81.560231	14.826379	1	1	25.359	217.23	328.53	26.43
73	3.5995	13.9046	11.4338	15.8466	68.6912	1510	1005.97	91593.49399999999	47.280117	-52.547981	0	4	17.699	324.44	263.97	71.08
74	4.7096	13.8686	70.4399	38.5794	3.1805	673	522.81	91460.17199999999	143.420148	-35.031653	1	2	19.616	198.15	81.62	240.65
75	38.0868	11.383	6.4415	13.4775	41.2693	1031	1011.01	91326.84999999999	-107.109081	63.068158	0	2	-19.707	152.65	224.36	342.05
76	55.8382	48.0439	11.3501	83.8237	33.6455	167	1498.06	91193.52799999999	-41.635975	-7.810829	0	5	-5.858	168.92	246.33	295.06
77	83.4965	32.1343	32.854	67.41	9.0759	1568	4937.81	91060.20599999999	-77.999717	165.152733	0	5	-34.513	214.22	3.03	187.8
78	69.124	11.3639	30.7364	2.9119	28.6451	96	2318.67	90926.88399999999	73.409187	37.104551	1	2	20.79	178.13	42.69	342.7
79	61.4673	54.5767	58.0601	72.1345	87.2034	1457	2960.36	90793.56199999999	144.574878	-171.271354	1	2	-26.432	84.84	150.16	14.95
80	16.3302	47.4668	65.3607	68.021	13.8299	654	3245.0	90660.23999999999	-176.580051	10.241688	0	2	-23.691	204.78	291.29	106.18
81	14.0595	98.9461	23.0381	12.4493	64.3962	817	4954.45	90526.91799999999	44.762884	-36.577079	0	1	-30.76	289.68	47.62	22.4
82	24.3644	77.5524	77.0397	13.7541	19.7667	247	4923.61	90393.59599999999	-58.404458	127.576645	0	4	-7.148	98.16	10.69	55.6
83	32.0474	38.9067	22.4011	3.25	54.6742	1155	2831.48	90260.27399999999	26.806622	130.919547	1	3	-2.428	18.04	318.79	27.4
84	42.0323	39.0151	49.491	45.3354	96.5034	211	2463.54	90126.95199999999	-169.688248	41.665123	1	2	-26.23	300.22	18.18	212.85
85	78.8677	18.5948	95.3878	92.3864	65.6152	308	4821.04	89993.62999999999	-104.121226	155.618499	0	5	0.814	2.11	225.67	63.86
86	57.7479	72.8852	22.8351	14.8181	41.55	1334	3028.02	89860.30799999999	54.845486	23.112594	1	3	5.072	127.64	255.22	76.43
87	61.8735	24.0782	28.3425	1.8283	74.9491	1015	378.37	89726.98599999999	26.822786	50.11984	1	3	28.616	306.92	284.65	57.99
88	56.1212	53.245	67.5745	57.2074	81.1586	1442	1450.06	89593.66399999999	161.755038	-95.284008	0	5	-20.442	44.1	103.29	224.25
89	50.9012	83.8029	36.8213	6.4918	5.588	197	3231.73	89460.34199999999	-86.418782	107.037011	0	6	1.136	3.15	263.14	271.77
90	54.0085	37.2629	87.9308	74.5964	2.2216	1568	2381.73	89327.01999999999	-80.958449	127.679395	0	2	-16.945	282.69	286.7	317.74
91	28.1497	7.898	20.2931	17.0915	0.0209	1561	776.75	89193.69799999999	-151.013925	25.700828	1	4	2.711	152.25	285.47	312.14
92	80.5871	31.9218	1.5098	57.8716	30.1217	1021	1564.92	89060.37599999999	164.727921	169.622762	1	0	-14.841	44.96	46.93	268.37
93	0.671	47.5066	86.6064	18.5739	72.9793	1132	2631.93	88927.05399999999	-2.848707	90.920553	0	3	-5.21	88.01	172.41	154.58
94	31.0913	91.6033	86.8979	13.676	27.1159	831	1434.31	88793.73199999999	-14.234367	107.550209	1	4	25.467	255.41	201.9	133.66
95	11.9665	43.2245	97.5551	95.538	41.3857	1189	1058.01	88660.40999999999	-17.4948	149.790802	0	2	-9.449	129.16	29.13	230.26
96	48.3936	27.0771	16.5995	29.3821	87.5613	775	1577.76	88527.08799999999	20.698035	148.517638	0	2	8.462	296.87	179.27	210.09
97	68.0486	27.4943	69.6696	28.4292	24.8066	640	1416.62	88393.76599999999	130.957286	179.507181	1	3	16.687	21.49	349.59	289.32
98	66.9695	57.5883	78.6041	46.4077	50.7612	1316	4344.17	88260.44399999999	38.770946	20.272972	1	6	-37.236	234.72	85.17	219.82
99	78.8866	84.178	89.4684	41.7323	63.257	1214	482.71	88127.12199999999	-59.305429	34.335663	0	3	-20.287	62.48	161.56	104.08
100	63.5036	3.4438	38.2466	54.3035	50.5411	875	3335.08	87993.79999999999	132.742981	-115.688579	1	1	-38.98	88.59	145.68	180.15
101	54.0897	2.4533	4.7684	90.4408	15.9095	104	3394.53	87860.47799999999	156.078552	-123.322632	1	5	20.061	359.49	197.24	238.0
102	85.1794	29.3265	41.1322	58.2933	6.1786	1280	895.28	87727.15599999999	51.469091	118.921302	1	2	25.89	177.07	58.85	18.12
103	68.0235	21.2711	17.2059	85.8789	5.4824	951	3310.75	87593.83399999999	132.985279	-33.018811	0	5	29.619	233.18	15.56	167.35
104	33.0612	74.183	39.7919	5.1787	10.8833	839	4156.32	87460.51199999999	-161.532404	-99.040099	1	5	25.275	207.03	218.22	67.6
105	79.8271	40.3252	26.5292	14.889	87.7014	647	4579.44	87327.18999999999	123.415122	-18.040447	1	5	-14.894	274.86	127.46	335.9
106	12.0818	89.3104	96.8692	46.268	27.4719	1252	783.58	87193.86799999999	-159.041087	4.885449	0	2	4.851	321.23	63.08	156.1
107	49.1658	70.6335	30.6507	58.4314	97.6171	40	849.04	87060.54599999999	-128.117509	50.690696	0	5	25.837	281.87	196.65	132.25
108	14.6265	37.0918	47.7548	0.5967	16.1434	533	4561.47	86927.22399999999	-94.964443	119.488763	1	0	-11.448	97.24	62.72	91.5
109	70.6719	26.7312	70.3908	19.6313	81.4475	924	1152.72	86793.90199999999	-35.541961	101.279091	0	4	22.336	215.01	90.75	356.98
110	60.6294	64.2207	49.0777	21.0363	39.4148	218	3993.37	86660.57999999999	59.043782	41.643327	0	3	-23.008	127.21	242.78	320.41
111	20.0779	65.3131	51.2535	37.3974	26.7746	800	4377.19	86527.25799999999	36.635604	-137.619847	0	1	-22.936	10.2	341.64	178.52
112	75.0511	90.8913	86.0624	6.0821	11.4741	782	2033.96	86393.93599999999	92.280994	161.447121	1	5	-15.648	165.21	256.75	301.4
113	17.1641	19.4292	53.6106	69.2158	52.4383	1578	2669.57	86260.61399999999	-80.613367	-151.291249	1	1	1.194	341.42	245.33	265.58
114	34.3803	27.9321	54.5768	68.9905	59.7927	1009	4121.64	86127.29199999999	-79.600524	-94.614988	1	4	16.581	96.3	248.62	154.68
115	89.5736	34.2909	22.4586	53.0093	50.953	439	605.32	85993.96999999999	-170.47519	12.845436	1	5	-8.943	162.54	5.23	115.51
116	92.9735	64.1002	76.5624	44.8893	54.7947	1410	856.86	85860.64799999999	-41.611657	-105.960309	0	3	-37.307	6.12	284.13	198.44
117	21.7888	2.893	61.4052	88.4191	6.6416	254	2901.56	85727.32599999999	-3.410108	82.422566	0	2	9.103	184.84	49.14	49.66
118	38.6515	38.1444	34.5635	38.4	43.0863	146	3011.64	85594.00399999999	167.796679	-104.267153	1	4	1.607	90.57	153.05	111.24
119	0.2446	11.9145	12.1481	37.1125	86.6942	1105	3303.97	85460.68199999999	-46.77984	-34.809494	1	2	-33.972	262.25	302.35	23.61
120	94.4681	65.7162	0.7802	14.4013	69.9843	1731	4727.02	85327.35999999999	-81.066426	165.939382	1	6	-25.329	28.54	285.09	180.47
121	24.8559	68.5586	8.3239	93.8272	19.167	1116	3040.17	85194.03799999999	-87.560523	-145.845459	0	5	-30.505	141.75	265.23	11.03
122	45.7015	19.0706	18.3767	16.3876	46.1361	1728	4555.71	85060.71599999999	-1.126302	16.719836	1	5	-17.975	120.73	190.18	3.11
123	39.7099	59.8809	29.9217	94.8998	5.2832	90	2587.0	84927.39399999999	-147.118358	113.457069	1	5	17.398	191.48	220.57	267.91
124	52.8246	65.8955	6.4661	45.8081	11.1705	1277	743.54	84794.07199999999	24.62013	-155.996219	0	4	9.41	57.52	157.1	7.2
125	42.5222	82.8713	87.2654	56.2924	69.7404	855	4593.29	84660.74999999999	83.863932	157.340906	0	5	-8.426	17.24	179.85	350.9
126	51.4626	75.878	45.9141	2.8283	15.8235	1667	392.37	84527.42799999999	150.493313	-171.217327	1	1	12.439	50.33	151.86	174.05
127	24.4844	19.0761	53.5257	85.3464	84.9944	818	1312.08	84394.10599999999	102.308665	90.976795	1	4	-14.484	311.15	321.38	36.22
128	56.4334	10.8391	79.7491	69.0365	58.6039	39	4620.5	84260.78399999999	-25.974145	104.148219	1	5	-26.92	32.58	308.07	7.76
129	69.9142	41.6835	92.7047	92.8143	49.0523	829	4449.15	84127.46199999998	137.309562	-102.823499	1	2	-29.119	267.61	304.31	160.43
130	61.9665	51.1852	95.6078	54.1445	21.6869	1289	2663.54	83994.13999999998	98.644431	-96.203705	1	5	26.831	216.77	229.71	93.38
131	4.6951	95.3019	46.9089	89.5728	25.0279	1099	1315.17	83860.81799999998	88.918489	-131.130489	0	0	10.505	42.27	9.52	265.57
132	40.9045	12.0328	55.8945	54.3545	16.0983	1438	4657.78	83727.49599999998	-8.783037	93.011169	0	4	26.992	345.55	269.89	336.73
133	23.357	39.5281	67.0615	63.8344	51.7966	56	419.67	83594.17399999998	-71.868866	-137.838392	1	6	-20.741	282.71	276.62	118.37
134	41.9788	68.5705	50.901	66.6219	68.4784	637	4946.52	83460.85199999998	-80.089797	9.077855	0	5	20.389	129.05	302.68	180.05
135	57.2603	83.41	62.2792	74.674	40.1513	1430	1939.3	83327.52999999998	125.486987	21.767731	1	0	-4.809	9.75	322.16	138.06
136	94.8264	31.7365	16.9449	5.4828	92.4423	1305	3471.14	83194.20799999998	121.245056	-6.946752	0	2	-7.363	196.21	175.9	289.69
137	41.836	47.2249	93.1557	76.0156	80.9335	1205	2812.72	83060.88599999998	-135.18237	-169.748166	0	3	-11.458	186.68	119.46	10.53
138	26.4899	76.813	73.8041	47.0532	74.8159	704	795.74	82927.56399999998	3.934451	-29.073481	1	1	-0.629	50.45	94.62	52.15
139	64.2501	12.4318	20.5225	23.8674	73.353	652	4670.4	82794.24199999998	76.544954	164.059255	1	5	-21.035	228.55	289.29	316.22
140	71.2835	5.7274	98.5432	83.9294	13.8458	116	352.09	82660.91999999998	168.446578	106.413482	1	2	25.404	276.21	48.19	36.04
141	15.3511	27.0622	98.1762	54.6825	17.9861	284	2142.51	82527.59799999998	161.465179	166.127229	1	2	12.892	114.86	313.19	178.61
142	73.4265	58.0169	58.0157	3.6194	90.0572	672	3808.68	82394.27599999998	-103.80997	-100.765774	1	3	-16.08	176.99	249.66	133.39
143	88.8296	11.4815	81.6547	64.2778	43.7138	1652	1429.66	82260.95399999998	-26.098652	-117.599391	0	2	-16.696	345.96	95.9	325.89
144	78.1832	3.0098	23.9604	70.1152	17.3541	1712	4154.84	82127.63199999998	60.464754	60.374653	1	4	-11.587	180.47	344.59	16.17
145	67.6887	37.1774	49.2754	4.9946	74.0471	1579	809.74	81994.30999999998	6.449745	43.877936	1	0	13.401	292.97	285.66	114.92
146	49.885	21.246	44.2559	92.1056	95.2976	1351	4108.47	81860.98799999998	-15.116316	166.10862	1	2	15.437	153.91	354.35	8.87
147	92.8688	85.0914	95.3567	39.9019	17.2883	1282	658.04	81727.66599999998	-130.805859	-167.052631	1	3	-19.858	350.35	317.67	76.0
148	88.0177	5.3038	39.9394	0.3483	57.0577	735	979.19	81594.34399999998	-148.852296	-93.578363	0	1	-8.565	109.96	333.21	37.2
149	14.1164	47.3462	83.4249	2.4651	73.3615	467	3336.02	81461.02199999998	-37.035776	4.782046	0	6	7.902	191.57	120.49	35.49
150	52.472	15.1908	77.7912	32.6371	7.3374	551	2581.67	81327.69999999998	-167.700112	142.481265	1	4	18.502	174.03	79.29	247.95
151	4.2834	83.1998	8.4998	52.2719	96.1517	1571	285.95	81194.37799999998	-52.552129	120.699516	1	5	-27.509	196.58	24.88	327.34
152	63.5545	84.2279	11.6826	77.0214	6.9016	1139	1.86	81061.05599999998	66.216665	164.48075	0	2	27.22	226.97	244.1	190.85
153	19.9137	75.0612	83.6348	97.9543	58.9271	1694	3912.45	80927.73399999998	-160.126497	-100.030896	0	3	4.926	357.04	16.07	235.74
154	37.3835	21.2866	68.5702	14.9237	16.1084	597	4148.43	80794.41199999998	-106.38903	-27.929771	0	3	11.961	252.57	87.15	165.66
155	79.5593	80.724	93.9172	53.7901	83.349	1562	3948.24	80661.08999999998	-80.220445	-127.729379	0	3	-3.28	348.85	158.25	189.2
156	57.243	76.862	37.5902	30.1487	66.5608	761	1786.39	80527.76799999998	167.849448	-81.083494	0	5	29.08	220.57	164.98	275.48
157	80.5096	94.6867	31.5043	86.6485	68.2995	1092	1797.3	80394.44599999998	81.410644	58.217024	1	5	-37.444	215.93	321.77	191.96
158	34.3743	1.921	79.3282	9.9956	63.3971	1246	1990.8	80261.12399999998	-44.165294	17.402784	1	4	16.826	52.1	186.0	154.31
159	90.1961	76.3868	85.8784	23.043	58.722	1246	2879.05	80127.80199999998	-72.10068	162.481729	0	5	-13.963	41.98	104.59	296.51
160	51.2393	26.2343	81.8549	25.0221	21.1204	465	1762.96	79994.47999999998	86.426956	-131.965914	0	4	15.138	192.8	299.26	174.47
161	33.4355	17.0421	50.5281	75.5813	50.1282	739	3759.96	79861.15799999998	90.135783	-172.256798	1	0	19.539	134.38	250.43	203.18
162	43.2106	61.6475	68.4146	11.3405	82.4765	631	4741.45	79727.83599999998	-92.213065	179.901841	0	1	-36.669	282.26	255.03	45.7
163	12.2656	24.7616	98.3128	47.7586	70.2346	1518	4009.35	79594.51399999998	17.914336	-39.573366	1	4	24.885	68.67	100.45	187.54
164	92.2864	54.1321	20.4493	35.0024	20.1976	910	403.49	79461.19199999998	-6.839049	-80.84218	1	4	18.471	306.91	216.08	278.16
165	7.2581	66.0604	17.4257	22.7632	90.8487	454	4426.24	79327.86999999998	-162.683313	63.025845	1	5	-26.41	30.18	27.51	257.41
166	53.1467	17.6138	88.3032	57.4204	66.4929	1035	3293.37	79194.54799999998	129.281841	-149.237818	0	6	-8.54	89.66	44.92	101.7
167	56.4686	67.4782	57.8271	64.0882	98.5832	1574	900.09	79061.22599999998	-120.460801	-94.855169	1	2	-9.438	45.62	354.17	314.79
168	28.5279	65.2753	7.0227	37.7218	22.8555	731	1702.44	78927.90399999998	-104.232469	5.427868	1	1	11.316	230.47	49.66	120.15
169	96.6835	40.4078	42.5024	76.8079	96.8775	560	1629.21	78794.58199999998	-168.66377	91.947899	1	5	2.857	54.74	249.6	184.07
170	2.5528	77.7175	0.9609	5.9206	27.757	838	4812.42	78661.25999999998	-145.553863	113.262666	0	2	3.619	86.28	239.96	73.24
171	52.8428	52.0136	71.1343	37.2357	64.2598	744	24.79	78527.93799999998	-124.377231	-121.784887	1	2	-39.189	32.4	13.17	308.25
172	94.4975	40.0175	64.1601	40.9716	46.4316	414	917.8	78394.61599999998	131.507102	-107.99117	0	6	-19.326	194.35	71.04	266.33
173	7.1765	78.7741	48.4929	3.1931	89.492	732	2462.77	78261.29399999998	48.909619	139.369829	1	2	-11.09	184.7	84.15	312.78
174	56.3151	71.2019	76.1322	19.6986	74.5304	148	3094.62	78127.97199999998	-145.881326	-80.692929	1	3	13.704	347.82	275.35	113.93
175	22.9391	90.6082	85.3785	32.1139	42.9551	386	1099.29	77994.64999999998	-85.782208	-118.031373	0	2	-30.939	38.03	348.21	356.9
176	94.4203	4.9274	4.9024	15.6942	33.4553	893	288.6	77861.32799999998	-142.800795	43.370433	0	2	-37.813	49.92	176.99	142.38
177	4.7418	32.0914	82.0486	57.173	13.2956	929	3359.94	77728.00599999998	-23.889679	-60.125869	0	3	-4.962	110.92	53.81	185.9
178	36.7089	80.1288	86.1893	74.7473	95.4587	1278	3966.34	77594.68399999998	25.631836	-94.629237	1	1	-1.98	219.41	294.86	273.85
179	47.6135	55.5048	81.4159	38.0244	45.5794	222	55.91	77461.36199999998	-133.069661	177.153225	1	5	10.494	201.01	251.63	300.55
180	14.4779	14.6896	82.7385	59.27	13.0823	453	2349.53	77328.03999999998	111.489536	47.12638	1	5	0.142	277.46	341.67	175.02
181	29.3525	61.9987	52.6571	75.1931	88.738	1765	3290.47	77194.71799999998	-28.909751	96.319043	0	6	-35.654	196.57	249.28	23.71
182	34.6674	55.9849	16.1487	20.5594	60.4828	1772	4894.15	77061.39599999998	-157.124728	148.426064	1	0	21.49	55.34	303.61	2.83
183	54.2897	5.6166	78.8869	80.7525	86.0413	1790	1706.94	76928.07399999998	-101.604784	-174.924558	1	4	-28.429	49.53	265.82	351.55
184	56.1733	97.5819	88.4369	88.6558	97.0245	144	3973.68	76794.75199999998	18.521296	79.829506	0	5	6.615	99.22	321.29	155.84
185	8.9119	19.8073	30.5849	54.5111	22.2848	480	3440.63	76661.42999999998	-179.187015	-175.910059	0	4	0.01	122.41	19.67	145.03
186	17.8364	32.0181	80.7114	6.432	58.7429	1493	247.65	76528.10799999998	69.747818	44.516457	0	5	16.061	34.16	235.2	172.27
187	79.6057	90.3911	57.5502	87.4924	69.6796	1487	633.02	76394.78599999998	-61.465096	-18.630649	1	1	0.284	211.57	85.06	149.72
188	24.627	65.6823	54.1702	13.8316	27.4445	1167	2202.1	76261.46399999998	50.3602	172.675952	1	2	-15.337	129.53	214.82	206.72
189	13.947	10.789	46.9162	93.7022	98.4311	286	556.55	76128.14199999998	133.55604	79.854127	0	3	27.184	125.03	196.37	349.62
190	49.8472	67.5422	74.5465	47.7448	5.0632	231	1322.74	75994.81999999998	-56.177568	-43.030559	1	3	-30.982	348.16	343.73	204.29
191	36.1567	75.0613	98.4393	23.8411	5.5044	537	2982.55	75861.49799999998	-93.837204	-102.504092	0	6	-8.329	339.74	8.08	167.37
192	65.1874	9.2689	44.9144	12.2732	81.5523	477	2708.4	75728.17599999998	103.248058	-54.424139	1	2	-36.922	117.35	197.35	44.0
193	87.5657	24.0401	67.8597	79.1216	87.7226	970	4361.33	75594.85399999998	15.503226	-89.333773	1	2	-32.158	255.59	213.44	351.95
194	34.9518	27.8722	13.0195	73.0606	4.2672	1709	4414.23	75461.53199999998	103.365335	-134.111893	0	4	-11.296	336.84	181.14	270.07
195	62.8126	53.5997	35.8952	3.4118	82.3274	519	3542.13	75328.20999999998	-48.42574	-73.730245	0	2	-32.76	196.99	170.6	202.25
196	97.886	27.6446	11.1378	69.2653	87.0257	337	3639.2	75194.88799999998	83.546281	-143.106211	1	1	-2.676	222.96	336.5	254.15
197	75.0439	14.4669	29.0292	75.8275	7.0982	867	2116.19	75061.56599999998	104.978251	25.563735	0	1	-36.352	274.33	189.43	103.25
198	42.1632	80.241	78.9978	7.2291	80.2965	1260	3333.46	74928.24399999998	22.539647	-10.386012	1	5	-24.447	311.42	107.2	230.44
199	47.3068	59.1761	86.988	92.8609	19.5346	1659	848.75	74794.92199999998	162.276716	-127.203841	1	3	17.557	5.75	163.99	319.36
200	10.1399	15.0495	25.0795	31.7555	69.8239	538	2501.22	74661.59999999998	-169.656594	109.914374	0	5	24.235	77.28	291.76	41.65
201	68.7428	60.8128	82.9398	6.3281	29.2593	661	282.11	74528.27799999998	-7.425528	-61.193917	0	5	4.726	211.6	329.47	221.15
202	64.6221	91.7949	9.3914	89.9339	48.4414	1176	2692.05	74394.95599999998	-152.087846	-40.372405	1	6	20.492	255.3	298.84	270.14
203	75.7105	92.8141	29.5438	61.8054	91.884	902	900.78	74261.63399999998	135.001556	6.748046	0	1	-26.28	345.11	126.69	124.98
204	24.4972	63.2651	28.9896	80.9669	67.2306	880	1430.51	74128.31199999998	169.49464	-153.044182	0	5	4.093	128.86	122.86	148.96
205	38.6196	33.6364	67.6467	11.4835	89.6621	742	1164.47	73994.98999999998	96.168216	-8.838262	0	1	-20.618	1.56	322.02	256.75
206	48.6005	13.7366	32.4512	73.4111	23.119	827	3034.14	73861.66799999998	-140.868892	166.653771	0	0	-25.732	28.09	216.74	5.15
207	2.5094	27.8587	16.6239	18.619	63.6103	1453	292.21	73728.34599999998	-109.396283	-169.663182	1	3	3.069	89.11	258.71	110.16
208	80.8963	20.434	51.5434	27.7001	40.6676	549	3173.48	73595.02399999998	5.683267	60.127377	0	1	26.997	310.48	96.78	172.81
209	95.3745	96.6087	66.2901	78.9565	55.7838	1253	4793.25	73461.70199999998	164.047876	-160.174935	1	2	-30.154	282.35	72.21	66.47
210	40.4815	84.7753	30.3775	7.6515	62.1637	255	1838.41	73328.37999999998	-175.777902	52.599815	0	4	-22.123	289.11	101.89	220.77
211	35.7171	18.104	10.737	86.4931	50.1702	550	3539.75	73195.05799999998	3.346118	98.495272	1	1	-18.007	325.08	242.56	350.26
212	7.5318	81.495	16.8976	61.6942	7.2187	1236	1450.17	73061.73599999998	-138.011067	119.255369	0	1	-21.348	218.53	175.09	148.39
213	86.3136	66.7049	70.8723	49.9555	44.2274	1250	235.44	72928.41399999998	-152.246126	172.416809	1	2	17.109	83.78	92.34	108.7
214	6.1647	14.9058	7.7731	55.4712	53.377	606	3512.86	72795.09199999998	61.775968	50.278725	0	1	18.468	280.46	47.72	356.66
215	70.6814	19.4533	75.0531	91.6626	35.085	846	1767.95	72661.76999999997	69.003503	38.044874	1	4	-29.222	311.61	327.48	267.38
216	78.6292	43.3739	79.8469	3.4789	46.9976	1430	4333.65	72528.44799999997	-65.858034	93.129753	1	2	-1.541	234.0	339.27	32.91
217	20.0126	82.1873	30.6358	28.8439	92.6936	556	3509.15	72395.12599999997	175.233776	-0.105896	1	5	-27.628	7.74	291.81	328.12
218	56.5292	20.0926	90.4431	6.1306	38.5649	378	2737.49	72261.80399999997	-59.966536	131.751949	0	0	-10.962	308.17	315.58	172.27
219	23.8948	78.7675	77.7042	22.5478	92.5048	1278	948.94	72128.48199999997	110.156684	-102.282428	1	0	9.91	97.87	99.12	60.89
220	64.7048	25.7234	87.4026	29.8239	68.491	517	1700.5	71995.15999999997	53.877773	11.810312	0	2	25.279	264.84	96.36	55.18
221	85.7945	85.9438	97.7422	42.4389	44.4243	1613	1410.76	71861.83799999997	-136.154027	-155.294813	1	2	-27.265	260.76	132.34	163.88
222	90.8412	39.1383	96.385	54.0555	98.0672	362	2906.23	71728.51599999997	80.033967	29.38737	0	3	-4.479	311.49	206.6	260.75
223	81.3679	65.0573	63.345	68.3066	92.7506	1527	1442.49	71595.19399999997	46.567572	-50.252695	1	2	6.153	343.28	133.32	91.62
224	75.0092	95.4241	86.725	55.3887	54.1766	580	1853.42	71461.87199999997	-119.370634	113.914158	0	3	16.556	159.47	107.64	43.8
225	93.7531	17.3756	13.6407	43.2378	28.9046	1308	4289.14	71328.54999999997	17.358376	-73.578176	1	5	-4.986	75.08	312.33	359.44
226	9.7959	33.5445	24.7059	49.8623	65.935	1533	885.06	71195.22799999997	-162.356411	-13.950961	1	6	-8.796	130.96	168.44	177.4
227	7.3135	78.0117	39.8599	59.6818	75.0283	529	4189.71	71061.90599999997	91.721715	-138.987604	0	4	0.11	21.5	110.41	217.34
228	96.8084	60.3357	86.8152	49.1928	29.2726	491	4342.43	70928.58399999997	70.918717	-136.026062	0	3	-22.463	42.87	179.33	298.29
229	91.2127	82.9081	51.6539	10.2548	45.7641	1139	2248.96	70795.26199999997	-170.160943	158.450208	1	5	6.77	65.77	302.07	163.77
230	50.9914	67.4936	28.4918	32.2211	38.3239	749	356.9	70661.93999999997	163.118791	-161.250908	1	3	-22.928	21.79	109.06	311.44
231	70.0427	40.4585	93.8938	23.3865	89.8301	327	589.51	70528.61799999997	178.105684	-42.402095	1	4	-39.721	267.93	188.81	235.44
232	98.4657	24.3775	60.7165	97.4609	14.2385	1749	852.39	70395.29599999997	44.899924	-21.431446	0	6	-28.284	148.35	152.85	115.37
233	45.9933	62.0108	62.993	52.8234	51.7222	1778	2347.4	70261.97399999997	-111.895383	-109.658494	1	4	-13.607	260.67	122.0	327.92
234	92.5629	18.6377	1.1176	25.8069	37.9853	140	406.36	70128.65199999997	-77.841445	-67.087355	1	2	-23.446	343.65	12.1	17.76
235	2.1528	92.8448	68.8452	29.0784	35.6746	356	3601.99	69995.32999999997	51.459191	94.89246	0	4	1.52	182.49	57.85	163.8
236	51.7344	11.532	80.8955	53.1358	56.2067	108	2974.49	69862.00799999997	-5.480675	-176.520157	1	4	-8.631	209.94	54.05	213.29
237	27.6573	53.8879	18.138	51.1912	50.7149	1156	1785.31	69728.68599999997	-94.934005	-68.338185	0	1	-35.329	50.17	169.48	256.84
238	92.8981	24.2859	70.8694	86.396	4.7251	616	697.14	69595.36399999997	143.709372	39.515499	1	5	-29.804	60.27	292.08	17.38
239	20.1436	72.8891	80.6224	45.5503	83.5556	709	1502.74	69462.04199999997	145.216047	58.819995	0	3	-9.662	310.18	240.54	322.69
240	32.6164	74.9464	60.8762	82.7486	93.4847	717	2389.96	69328.71999999997	-43.923705	-156.848424	0	3	15.504	358.86	0.35	258.53
241	50.4137	14.8207	32.0064	15.8378	40.9072	621	1102.2	69195.39799999997	86.229217	57.046823	0	1	-18.395	88.97	92.73	119.46
242	57.1585	87.2508	76.2644	48.6229	16.8671	835	3569.89	69062.07599999997	-166.029768	-150.845868	1	4	-28.622	117.12	221.15	142.67
243	64.1545	94.3057	15.1372	63.9973	79.1673	1453	4103.65	68928.75399999997	119.605312	113.298433	1	3	-11.666	23.51	105.14	55.21
244	12.6034	45.3032	38.8785	34.4368	87.0531	260	4784.89	68795.43199999997	31.540856	-20.875872	0	3	-25.77	303.38	183.29	342.45
245	62.7367	51.073	56.7689	25.976	7.9439	1204	482.06	68662.10999999997	174.234585	-55.652192	1	1	-10.428	258.75	273.06	153.58
246	24.3618	32.5534	32.3571	87.0744	30.6961	24	2953.09	68528.78799999997	31.219074	90.940579	1	3	-19.51	280.78	342.42	297.31
247	15.1965	1.9189	43.8156	57.0379	32.5603	1554	1830.05	68395.46599999997	71.4231	149.736735	0	1	-27.827	302.82	322.12	197.14
248	29.1969	19.185	17.6922	36.9435	4.5058	765	3864.4	68262.14399999997	77.858426	97.190939	0	4	-9.34	126.5	264.52	315.03
249	42.161	64.9556	54.3094	13.2847	85.753	1057	4875.2	68128.82199999997	-157.404072	-126.828416	1	3	-1.952	280.08	66.46	45.53
250	71.6712	82.2363	69.7006	5.3401	11.7576	201	1958.98	67995.49999999997	-56.697964	29.214347	0	1	-15.757	177.15	19.97	279.47
251	26.9343	38.5253	60.8696	46.6801	53.7747	934	2922.98	67862.17799999997	-161.196013	-64.258176	1	2	-38.127	327.42	298.91	77.91
252	12.0839	89.3213	24.7121	59.1819	67.2119	271	362.05	67728.85599999997	91.381161	-41.686954	1	1	29.842	307.19	289.02	304.15
253	36.3058	32.9213	91.9959	28.0067	81.0676	1186	1824.5	67595.53399999997	89.359837	136.02741	0	5	26.279	220.1	161.87	234.23
254	27.9799	16.5298	62.5537	24.8796	68.1079	50	3210.3	67462.21199999997	-133.325714	53.820486	1	1	13.36	208.26	96.43	253.33
255	30.6959	29.9037	34.781	23.7137	47.5867	1762	2732.54	67328.88999999997	58.972762	142.966968	0	0	29.516	82.72	189.18	193.78
256	96.0017	50.1951	21.2547	51.3353	51.7828	142	1392.59	67195.56799999997	159.038622	-36.530828	0	1	22.204	325.83	57.79	185.42
257	63.727	83.3671	15.2933	45.8181	73.4115	1057	2063.67	67062.24599999997	-47.517379	-49.408459	0	0	23.711	155.32	264.88	254.37
258	20.9633	37.4889	90.7983	44.3619	96.7663	1547	808.83	66928.92399999997	-140.977396	21.57482	0	3	-32.338	186.69	347.67	240.08
259	41.315	34.8772	9.3336	59.2986	22.6919	140	542.09	66795.60199999997	-152.456081	143.079043	1	2	21.537	101.2	83.52	215.53
260	26.39	78.7244	52.8488	60.9566	51.9939	1459	4169.03	66662.27999999997	-20.250052	125.682128	0	3	9.177	234.78	176.06	19.62
261	86.6299	72.382	65.2644	83.2491	26.4809	738	1642.05	66528.95799999997	99.300666	58.819607	1	4	28.034	74.0	190.52	333.56
262	65.2483	83.6194	32.1858	81.5347	4.2172	186	4384.35	66395.63599999997	102.969624	59.408514	1	1	-32.511	324.29	216.15	326.04
263	3.9643	19.0022	60.3229	30.4252	94.6265	710	4840.42	66262.31399999997	-8.58156	157.926547	1	2	11.228	5.11	341.64	279.03
264	68.5455	70.0046	55.8089	92.116	18.8307	791	4074.91	66128.99199999997	-37.696356	55.444016	1	5	-25.748	180.44	121.56	346.33
265	59.7848	33.463	59.7778	91.0012	67.5701	1274	4757.88	65995.66999999997	14.333368	-157.858025	1	0	-20.88	243.03	232.18	288.27
266	86.7206	64.1847	31.2333	15.2226	67.2943	494	1337.59	65862.34799999997	124.649222	-2.089826	1	0	-18.038	12.71	302.05	249.83
267	7.8984	32.1183	23.6911	53.7992	69.9405	1042	4793.84	65729.02599999997	67.539888	-59.333025	1	5	28.027	221.97	64.04	233.24
268	4.8831	24.5974	48.5017	47.8681	97.1893	1106	135.77	65595.70399999997	78.198737	172.442884	0	0	28.639	123.94	206.75	61.42
269	9.9142	4.0548	71.384	12.7766	44.5742	1730	799.29	65462.38199999997	-37.552437	57.612887	1	3	-38.769	154.72	61.14	141.62
270	68.4982	9.8865	33.8434	73.1022	20.5182	216	1052.7	65329.05999999997	-9.168684	145.06776	0	1	-24.963	167.18	52.37	318.78
271	67.4761	73.4159	88.9983	62.6013	47.4013	1284	4020.64	65195.73799999997	96.110829	90.751397	0	4	8.252	161.33	227.82	125.01
272	76.1194	33.0015	93.9757	65.3441	78.6138	537	250.3	65062.41599999997	-143.657274	-4.752704	0	5	-16.428	189.01	8.83	16.46
273	94.5392	81.9611	66.5358	72.9248	43.9277	257	1547.48	64929.09399999997	-125.566428	104.366082	0	1	5.662	235.41	100.9	336.1
274	74.2875	88.3481	36.9504	20.9409	90.5243	128	1454.04	64795.77199999997	-136.53502	1.80087	0	3	1.244	155.96	265.08	201.19
275	6.2037	97.2427	22.8922	16.9881	23.8738	1326	3868.73	64662.44999999997	156.873148	86.122516	1	4	-16.694	290.54	320.55	185.23
276	52.0659	22.4148	77.0926	62.4324	12.7301	929	2572.09	64529.12799999997	-48.766723	149.594638	0	1	22.808	8.08	46.29	246.06
277	83.9629	49.6113	47.0548	68.8805	62.3053	487	3908.08	64395.80599999997	70.069076	-169.990119	0	2	-29.736	186.97	298.08	158.54
278	5.6787	62.4912	38.1252	47.2886	27.196	526	919.89	64262.48399999997	26.907031	-76.799389	1	5	-22.81	37.9	76.93	235.1
279	51.6351	46.8748	30.8985	50.7561	35.9722	1622	1616.7	64129.16199999997	-164.085681	-71.525403	0	5	-29.322	268.13	227.74	342.12
280	4.2046	41.6017	56.1932	73.2937	24.0466	991	4665.26	63995.83999999997	120.837414	-19.661785	0	5	-7.319	316.4	236.85	68.78
281	48.1232	93.6213	47.1916	35.9167	76.6106	1355	708.02	63862.51799999997	-9.364481	7.120301	0	3	-7.848	16.65	226.24	291.03
282	6.4565	83.2437	16.1914	3.008	46.9472	641	544.44	63729.19599999997	101.019211	-143.408247	0	4	24.044	190.34	299.81	311.02
283	14.08	4.3861	33.7791	18.1996	15.1613	1466	255.6	63595.87399999997	-113.135394	71.83705	1	2	-38.416	43.61	133.0	335.73
284	66.028	35.9252	93.4892	39.3404	59.4639	47	561.38	63462.55199999997	37.047475	162.448424	0	6	-38.211	242.24	289.48	211.07
285	65.1551	0.2773	65.1741	53.5836	8.6308	984	4037.08	63329.22999999997	-19.720656	-2.416395	1	3	-6.939	281.49	200.16	20.11
286	25.1823	9.0398	52.0014	63.7876	26.393	919	878.14	63195.90799999997	-66.119845	-174.038802	0	5	-24.351	68.45	300.24	164.33
287	91.6737	54.9852	72.987	2.2816	3.6434	1062	2555.9	63062.58599999997	-144.752575	138.787793	0	3	13.125	88.64	51.31	265.88
288	23.7743	6.1969	38.7646	66.1414	41.8148	1117	2522.36	62929.26399999997	161.793511	82.805346	0	4	13.347	109.99	121.99	121.13
289	50.6896	47.7363	4.7975	12.1169	52.8148	1666	4415.74	62795.941999999966	-92.44249	-7.269322	0	5	-8.921	346.38	227.84	26.29
290	5.4592	77.9518	59.2261	73.7686	93.8582	1182	904.36	62662.619999999966	-42.053877	176.657919	0	2	-18.695	282.98	110.82	346.73
291	44.8034	25.5378	14.6731	77.1241	64.4163	910	1016.92	62529.297999999966	-63.414789	-131.426822	0	1	12.884	237.01	239.65	299.01
292	90.0331	42.4202	23.6174	26.8599	45.3393	228	806.69	62395.975999999966	97.673736	-2.8401	1	4	-12.563	159.46	188.66	57.5
293	37.8289	87.6645	27.6128	11.7339	88.7031	1781	150.29	62262.653999999966	-49.596045	-119.792629	1	5	25.022	160.18	151.06	59.54
294	20.7776	15.7679	2.9111	46.4621	60.8999	1048	926.1	62129.331999999966	-4.903742	-174.345401	0	4	-15.092	92.06	187.17	20.81
295	22.3595	55.5576	75.1257	11.7378	24.3377	1602	866.28	61996.009999999966	-6.682477	-39.870119	0	6	-10.433	271.41	1.13	277.57
296	36.0004	60.965	49.5088	8.1226	80.2122	1171	1543.3	61862.687999999966	111.604643	-156.922218	1	3	-21.636	273.89	85.53	119.01
297	36.79	6.8952	21.3172	10.0366	26.6767	816	4691.99	61729.365999999965	-162.008175	-166.501579	0	5	-4.777	168.42	234.88	145.82
298	36.3465	65.4394	45.4349	93.8623	54.465	1438	2232.24	61596.043999999965	-78.074172	36.812693	1	5	7.684	117.61	40.89	106.48
299	74.4107	36.5836	9.1817	88.5427	91.3045	1615	2450.93	61462.721999999965	-84.263774	56.299416	0	2	19.388	89.96	55.1	327.6
300	30.3418	41.628	78.8619	94.2621	29.982	512	2726.02	61329.399999999965	-25.671672	-164.149514	0	3	-25.851	84.69	300.68	24.61
301	28.3249	79.0678	35.2963	3.7674	55.2984	561	3393.21	61196.077999999965	80.278024	-136.29231	1	2	6.146	253.55	160.57	29.03
302	96.8331	84.8896	8.4763	71.3447	53.0526	151	2202.32	61062.755999999965	-77.629375	160.01124	1	1	-8.54	55.94	47.94	291.47
303	35.1007	89.0737	27.9926	30.3316	76.1549	678	2929.27	60929.433999999965	76.381077	-65.988396	1	1	-15.352	327.37	316.56	147.2
304	97.8931	3.3529	83.4323	69.7129	36.7967	924	2903.21	60796.111999999965	124.866665	-81.570021	0	1	-38.001	184.62	29.87	324.26
305	18.9854	38.8331	61.2147	16.5279	64.1041	1209	4030.7	60662.789999999964	19.746664	-10.214382	0	1	29.873	214.5	134.22	213.64
306	78.2873	55.4767	76.8952	86.3693	39.3191	815	908.25	60529.467999999964	90.037838	109.365025	1	3	13.069	57.13	214.35	214.07
307	83.3643	74.8828	62.1915	3.9571	60.3608	1184	3962.32	60396.145999999964	18.937496	-167.227603	0	1	-13.477	272.34	76.78	335.48
308	46.5314	98.6894	68.1685	44.2275	11.0112	785	1557.77	60262.823999999964	56.83857	95.609355	0	4	25.604	109.04	164.17	250.79
309	3.9523	67.9512	71.5491	53.1377	24.8395	631	1076.19	60129.501999999964	123.591353	-85.340865	1	2	24.875	166.97	181.11	263.05
310	64.5835	85.0647	35.3898	55.5053	15.5367	574	4536.47	59996.179999999964	169.091192	98.341359	0	4	-13.901	240.81	86.97	28.39
311	44.2116	35.538	54.1565	35.1394	62.6637	152	4704.79	59862.857999999964	-146.515097	-164.368736	0	2	20.908	227.85	31.17	153.48
312	26.1994	14.8375	52.3903	31.5748	18.409	1061	2446.2	59729.535999999964	61.338204	140.833394	1	5	9.253	80.94	283.65	280.42
313	1.0649	8.3958	90.3206	44.1317	82.0934	85	1479.98	59596.21399999996	12.105145	136.437338	1	5	-23.468	351.85	69.18	89.95
314	19.5332	74.3791	35.5182	66.8881	50.3217	1565	1342.85	59462.89199999996	10.97086	-111.329072	0	3	-28.111	314.43	139.54	193.29
315	84.3543	7.4628	69.5009	66.4356	49.9395	817	3943.05	59329.56999999996	-22.524054	-138.402979	1	1	-39.304	8.83	139.31	318.72
316	55.7609	88.5029	86.6024	84.0179	91.5669	402	286.79	59196.24799999996	88.794547	-72.613461	0	3	-15.263	81.31	266.83	331.1
317	88.152	82.9415	73.5727	7.5039	37.7065	1330	2760.89	59062.92599999996	-52.020356	-159.483009	0	2	-20.74	308.16	147.59	232.97
318	95.1653	56.1391	29.8857	42.6163	97.6773	467	2833.69	58929.60399999996	-82.104308	-152.973987	1	4	28.463	337.24	263.03	275.39
319	76.5259	65.0827	55.723	52.6445	69.0967	1153	2805.54	58796.28199999996	-1.466144	138.40259	0	3	-30.99	65.86	251.8	28.05
320	56.1221	89.9239	83.1984	4.7671	38.4989	812	1468.46	58662.95999999996	-168.463292	57.793043	1	4	8.579	141.76	291.41	216.42
321	4.2906	27.3203	74.1921	4.3776	60.1793	351	3214.91	58529.63799999996	137.023709	150.151495	0	2	27.992	23.2	88.84	103.11
322	44.8099	50.3512	89.5793	60.7986	3.2752	1036	2148.57	58396.31599999996	66.301153	-97.135898	1	6	-35.765	89.22	136.9	147.51
323	39.0599	76.9242	39.3631	27.9254	56.3936	294	2735.2	58262.99399999996	-102.054453	-179.677071	1	6	28.01	141.91	140.58	335.48
324	58.2934	78.038	78.1139	49.6445	7.0789	1595	2531.3	58129.67199999996	51.089606	-48.22328	1	2	-37.502	120.48	255.02	207.04
325	34.3809	52.4232	92.4773	87.7424	44.2582	1504	2538.4	57996.34999999996	-82.500146	-64.12985	1	6	10.659	196.56	77.87	68.58
326	42.2394	69.7436	50.3685	21.4677	90.2185	1303	1970.89	57863.02799999996	22.771164	-165.735794	1	3	18.252	151.68	264.56	322.8
327	69.4976	63.8571	20.3772	66.1323	38.6746	197	3770.58	57729.70599999996	-101.027677	-8.671508	1	2	-23.075	103.62	121.47	238.46
328	23.2009	95.3281	63.1828	81.3596	34.8339	477	1057.81	57596.38399999996	40.837855	6.400697	1	3	-24.6	158.57	19.31	139.99
329	79.6839	55.8794	90.1011	49.0603	49.3428	744	90.46	57463.06199999996	-51.332027	-113.537625	0	3	-30.156	152.94	313.53	231.16
330	85.5046	12.7429	89.2802	26.0982	28.3864	1641	600.12	57329.73999999996	83.831766	-166.610324	1	2	25.72	114.93	219.27	140.24
331	60.2141	93.0964	24.3201	23.8018	33.6814	872	4094.99	57196.41799999996	106.227681	-12.533232	0	5	-4.814	237.42	133.48	357.39
332	23.9935	50.2144	12.9634	86.7976	89.488	649	1411.06	57063.09599999996	83.003707	-111.982423	0	3	27.108	121.75	24.15	321.05
333	82.5708	66.1291	42.4442	39.7991	14.6929	1262	28.23	56929.77399999996	-108.141386	-168.085292	0	3	19.818	272.09	249.31	101.26
334	39.9543	26.8037	61.1226	4.1105	63.9076	1504	3557.2	56796.45199999996	-160.633473	0.381843	0	5	18.941	274.32	165.1	104.04
335	30.7288	87.8951	40.941	52.6753	28.5307	1433	1630.39	56663.12999999996	-152.069294	-9.697031	1	1	24.712	168.13	259.07	251.33
336	63.6459	34.3905	27.33	2.2099	31.2394	472	4339.77	56529.80799999996	-96.096446	108.227917	1	1	6.939	304.76	88.18	331.15
337	40.3405	76.3093	82.2881	67.853	92.094	205	497.54	56396.48599999996	-92.032938	-58.051087	1	1	-35.997	187.52	326.96	130.71
338	92.4284	27.9626	49.925	95.0284	98.6986	220	3437.34	56263.16399999996	-58.396747	-133.069275	0	3	2.226	189.86	89.51	347.12
339	42.9374	22.7706	4.352	89.0409	96.7604	1431	1657.04	56129.84199999996	-130.582672	29.683501	0	3	-31.951	120.22	127.52	23.29
340	33.0956	93.1349	29.8286	8.021	92.1726	125	503.93	55996.51999999996	-145.70241	-117.723002	1	1	22.644	205.02	127.58	156.38
341	61.9816	46.8652	5.7281	88.6551	3.2603	1606	4955.18	55863.19799999996	-30.2397	15.626942	0	3	-29.968	204.96	201.22	115.7
342	86.7721	50.9179	58.3873	62.2203	83.0514	170	3915.74	55729.87599999996	-18.941053	-102.813446	1	5	-35.696	194.5	224.88	294.14
343	55.8249	27.7588	12.5022	65.4361	29.7526	154	4091.22	55596.55399999996	70.893024	-46.681712	0	2	15.067	321.82	250.19	45.11
344	6.6846	72.9006	53.0692	81.958	85.8586	986	3928.82	55463.23199999996	177.263578	145.377668	0	1	29.541	270.95	13.01	26.52
345	20.7696	16.8121	86.2394	79.8459	54.3017	1383	4756.1	55329.90999999996	2.317248	70.830971	1	0	3.604	274.75	13.6	129.03
346	28.8223	90.6927	26.3428	88.4783	0.285	287	323.71	55196.58799999996	-172.824918	-6.439517	1	3	-29.028	197.27	96.78	115.39
347	0.2795	40.4922	40.7566	80.4388	63.6475	1122	571.1	55063.26599999996	-84.860266	-131.458948	1	5	-12.468	328.11	55.33	294.5
348	88.8047	83.9937	55.7416	48.9275	14.7705	1222	3025.3	54929.94399999996	56.676748	87.613825	0	6	-1.897	252.78	181.09	53.2
349	83.9058	0.7237	92.5981	62.9788	60.4641	1442	4188.98	54796.62199999996	33.948595	127.804345	0	2	4.061	172.01	86.38	212.83
350	9.5812	75.4118	49.1977	29.3528	35.788	531	588.09	54663.29999999996	-3.899666	140.722032	1	4	16.072	309.35	53.88	32.33
351	36.4737	90.6539	8.4386	97.6992	84.648	541	1018.16	54529.97799999996	-46.562461	21.312568	0	2	16.268	175.58	264.04	269.36
352	53.6645	67.7697	78.3918	70.0595	11.8291	1294	4207.04	54396.65599999996	7.559494	105.721343	0	2	19.827	266.83	301.99	56.41
353	26.3914	27.5243	96.3386	64.5918	15.3213	1745	4042.58	54263.33399999996	-34.866744	-170.485964	1	2	3.899	82.53	194.13	196.38
354	65.1135	69.3704	8.8883	34.7549	39.9312	1517	49.94	54130.01199999996	-63.423092	77.815528	0	3	19.214	227.21	315.45	133.12
355	3.6259	57.6829	45.7364	73.0801	90.3405	63	92.49	53996.68999999996	-98.599848	75.143226	1	3	25.041	94.08	64.36	211.18
356	32.6957	40.9151	98.9411	43.9766	23.5212	774	1220.17	53863.36799999996	-82.68915	-6.579324	0	4	-37.814	100.33	147.08	155.4
357	56.3526	2.0501	17.6126	27.145	8.2927	1431	4341.13	53730.04599999996	27.223534	-21.204571	0	4	-24.757	116.17	308.52	22.13
358	76.2898	15.8537	2.8067	16.2722	7.7599	1082	1060.54	53596.72399999996	171.519656	-109.448824	1	5	28.171	199.74	63.38	254.51
359	21.6896	47.966	72.3036	79.2795	49.6153	1465	1183.58	53463.40199999996	-19.970803	35.819123	1	4	-39.886	353.06	131.08	86.75
360	85.0787	20.8773	73.7974	5.3188	83.7647	1367	4411.84	53330.07999999996	-163.525525	-12.220456	1	1	15.39	195.39	314.73	327.81
361	98.1562	64.7273	25.036	47.3557	25.0507	1763	776.78	53196.75799999996	93.959723	39.806011	1	1	-18.686	339.99	292.21	46.67
362	13.4212	88.2197	76.5087	19.6047	26.7037	1337	4260.42	53063.43599999996	107.967958	-151.278458	0	4	-26.969	298.11	238.63	181.04
363	69.5173	7.0569	15.9908	29.8564	90.4498	664	732.75	52930.11399999996	46.568226	72.672717	1	5	15.989	203.48	276.93	93.96
364	0.1892	51.39	52.4051	17.1908	83.566	1212	3706.99	52796.79199999996	-160.874754	160.692147	1	5	-5.924	352.82	335.09	212.4
365	44.6341	77.186	20.641	49.8697	16.4882	1702	2047.75	52663.46999999996	56.632189	5.274103	1	3	-33.7	317.44	112.26	145.04
366	1.9545	63.3673	43.0753	71.9075	22.0177	99	1683.17	52530.14799999996	6.684901	115.336929	0	0	26.599	150.91	233.37	147.82
367	38.2301	13.0444	20.3834	72.1279	94.5373	304	804.44	52396.82599999996	95.864539	-65.98532	0	4	15.909	304.92	39.67	279.81
368	47.2786	81.4191	80.4916	20.5179	13.8941	475	4049.78	52263.50399999996	20.282125	-50.412974	1	6	1.038	226.93	104.54	322.72
369	4.1034	19.0701	18.4719	16.0532	14.3656	748	3104.69	52130.18199999996	44.355962	-20.455513	0	4	-33.181	336.73	78.82	30.6
370	90.7407	75.0127	94.2995	76.3036	12.8473	1019	3304.55	51996.85999999996	173.321682	159.522535	1	3	-13.293	344.92	156.49	80.66
371	71.8061	13.4325	48.6123	53.3524	19.8936	1159	4899.32	51863.53799999996	44.247807	18.579508	1	3	8.744	294.36	214.24	262.45
372	83.172	29.9229	5.9461	83.2117	80.8855	198	4338.42	51730.21599999996	32.098364	130.088548	0	1	-39.71	31.48	27.48	253.29
373	71.3015	34.3793	87.2461	83.0411	69.5291	999	3246.54	51596.89399999996	-86.654199	-13.25149	0	0	-21.27	327.68	4.88	10.12
374	47.3488	61.6313	32.8928	6.941	90.013	831	1709.27	51463.57199999996	107.3099	-154.321075	0	4	12.819	285.89	358.15	235.95
375	24.9706	28.3062	52.4924	35.3632	60.5053	1583	2228.47	51330.249999999956	96.462597	106.771187	1	5	-31.189	335.15	69.64	77.13
376	27.1499	0.6379	8.0277	87.5003	84.413	1281	960.85	51196.927999999956	162.583309	-11.076604	1	1	-12.994	342.69	299.2	285.39
377	27.3437	16.6213	45.3923	94.6535	14.3091	159	4553.41	51063.605999999956	78.248319	111.432402	1	0	10.506	167.85	281.81	144.6
378	30.514	62.8221	44.6451	86.5227	96.1045	1116	3880.23	50930.283999999956	107.734038	-76.396747	0	3	-26.98	264.27	317.06	172.68
379	29.8751	95.3105	34.9409	3.7747	57.4884	90	3310.58	50796.961999999956	167.375364	172.243617	1	4	-2.979	136.54	152.87	41.94
380	40.2331	56.0149	8.8977	83.2774	4.1245	1503	4104.37	50663.639999999956	-144.055762	-129.795639	0	5	22.876	62.86	79.45	56.63
381	92.3381	94.5706	36.3855	79.5717	70.0307	417	2405.0	50530.317999999956	-158.647824	154.861337	0	6	-10.123	33.39	174.18	357.6
382	75.3441	22.6783	0.2898	94.8631	71.8119	1077	2673.47	50396.995999999956	-130.672231	-141.329388	1	0	-11.543	161.48	190.37	228.45
383	59.47	24.568	59.8512	8.1662	30.3796	651	4139.34	50263.673999999955	-64.18495	39.595296	0	6	-5.565	325.33	296.5	112.07
384	5.3242	3.8585	18.2578	7.3651	40.0186	1141	642.5	50130.351999999955	-56.92632	96.910299	0	2	-20.212	197.55	332.92	61.62
385	75.9438	98.9425	5.6706	61.7996	44.8945	1463	3969.26	49997.029999999955	-149.049523	63.743345	1	2	27.433	131.87	43.87	168.59
386	9.1587	6.8002	27.5951	54.7195	0.4732	1125	532.69	49863.707999999955	-16.695342	39.932676	0	4	-17.879	213.95	235.42	209.78
387	62.5732	27.421	70.2878	6.092	97.3142	27	4484.99	49730.385999999955	-136.202039	148.931729	0	2	6.012	134.69	234.08	186.01
388	94.4284	58.5465	26.7893	7.2509	49.3055	1167	2467.9	49597.063999999955	-105.834334	14.452427	0	2	-1.597	350.8	202.85	284.99
389	17.6552	44.8639	81.222	95.0221	54.2571	1349	292.01	49463.741999999955	33.493355	13.773183	1	1	15.606	120.78	294.06	37.8
390	20.8068	56.6919	51.4563	30.0216	63.4594	1749	3582.37	49330.419999999955	-136.966628	0.973156	1	1	-18.966	13.67	113.48	348.1
391	15.2955	53.5661	76.9012	38.0033	1.3879	528	3538.2	49197.097999999954	-20.205756	158.299848	1	1	8.172	343.66	46.8	124.71
392	87.4344	5.0029	94.3899	23.9862	33.953	532	2676.69	49063.775999999954	163.033965	138.967832	1	3	22.859	294.12	31.13	318.37
393	93.4796	42.7075	60.6152	37.3543	93.1899	756	1665.78	48930.453999999954	-38.733656	68.792515	1	4	-2.029	312.88	180.15	345.02
394	0.3829	7.2899	11.5523	40.9054	19.2075	977	4687.86	48797.131999999954	-73.452889	-32.672055	0	3	-20.173	224.18	128.01	92.96
395	34.7094	21.3241	90.0174	10.0672	49.8195	980	4899.91	48663.809999999954	39.760294	148.896278	1	3	18.456	110.62	137.8	341.76
396	84.7288	13.2633	25.396	39.3322	58.9546	987	2570.87	48530.487999999954	-28.852908	-93.655659	1	2	-1.154	332.24	65.27	170.94
397	3.437	32.7842	11.1439	0.9528	60.3546	811	1831.21	48397.165999999954	-65.296891	96.305199	0	5	12.745	6.53	42.42	165.32
398	18.8287	4.1939	83.2791	43.4601	71.8059	1712	383.58	48263.843999999954	123.693572	136.407357	1	4	-31.718	136.58	174.02	133.43
399	40.9007	56.4433	90.8074	21.9676	59.1692	1350	2993.55	48130.52199999995	-19.578566	10.59571	0	0	29.988	323.27	230.01	242.46
400	97.713	51.7231	88.9679	56.6111	97.2101	985	418.13	47997.19999999995	-2.531013	127.828454	1	1	-19.361	103.91	4.53	223.93
401	29.3101	80.0273	45.5575	45.4418	75.6935	1224	21.64	47863.87799999995	-137.262615	-22.381871	1	0	17.582	276.69	128.67	177.12
402	74.1405	69.5445	91.8313	62.6279	22.5742	106	506.45	47730.55599999995	54.999673	-172.480602	0	4	-26.964	68.18	164.55	37.91
403	81.0523	95.6298	1.347	62.8213	97.2546	1185	1294.59	47597.23399999995	21.380348	30.353961	1	5	2.811	51.94	57.17	51.36
404	75.7384	80.802	77.8352	68.021	83.8429	1560	3717.59	47463.91199999995	-169.095898	-114.580807	1	1	7.62	290.4	52.07	45.85
405	54.5261	2.1331	6.7307	39.2763	95.4935	971	2347.25	47330.58999999995	51.673622	-48.021748	0	5	-28.356	156.07	180.26	71.01
406	43.0909	27.1144	82.7022	4.5659	40.3979	418	1744.88	47197.26799999995	51.131594	126.743701	0	4	-20.698	257.41	347.14	68.01
407	27.1477	10.9001	31.8123	58.6338	28.7856	407	3394.78	47063.94599999995	86.384456	-141.678714	0	5	29.854	117.19	270.07	175.52
408	73.3711	12.4779	32.4529	20.1382	78.7564	335	2181.45	46930.62399999995	75.842409	104.07486	0	6	-11.019	105.92	241.36	24.56
409	24.622	85.323	6.9092	20.4528	84.1893	1499	4498.1	46797.30199999995	-104.213291	-148.032304	1	2	21.483	252.16	62.09	159.38
410	41.1916	2.2482	35.7966	82.9481	10.6907	1329	1148.66	46663.97999999995	-146.335601	124.17069	1	3	27.186	218.97	215.19	69.89
411	22.1999	22.4818	72.451	80.2325	2.0806	1247	1615.4	46530.65799999995	82.258391	-58.596705	1	5	-37.522	78.31	123.46	291.76
412	44.7671	98.2254	90.2986	81.6635	28.0877	750	634.59	46397.33599999995	0.873632	164.935609	0	2	-8.204	17.2	143.05	233.01
413	63.7491	34.7398	46.4547	72.3591	53.4061	123	3898.38	46264.01399999995	89.814288	-130.771641	0	4	25.952	220.02	166.81	296.31
414	26.0535	49.7223	72.2428	87.7998	97.7326	947	1986.57	46130.69199999995	-78.68912	-28.902832	1	5	2.109	232.65	265.18	278.92
415	80.551	7.5992	25.0275	36.0713	70.2045	547	1394.61	45997.36999999995	47.554769	-161.809098	1	3	-38.989	62.91	324.24	157.03
416	43.8904	50.5683	92.2703	80.5719	51.9886	1158	4317.74	45864.04799999995	-174.525009	97.356059	1	2	-15.075	299.18	152.01	53.06
417	12.3678	96.5209	37.5426	28.9185	2.691	354	1917.78	45730.72599999995	59.219243	-28.057178	1	0	26.401	242.07	231.17	85.95
418	2.4547	59.6248	14.5923	29.7427	0.4526	1790	2593.92	45597.40399999995	10.069855	5.641313	1	0	-13.523	115.54	327.46	237.34
419	24.1121	1.2301	71.56	63.6983	16.3841	1019	2422.13	45464.08199999995	40.731438	-42.174302	0	2	6.116	0.31	55.17	181.56
420	8.3732	47.4884	34.8101	2.0982	4.3207	341	505.47	45330.75999999995	-3.885773	11.823623	1	4	-15.029	15.02	188.64	48.12
421	0.3789	62.5063	84.5375	2.1321	98.5279	362	1629.66	45197.43799999995	34.636257	-146.956939	0	1	-27.938	271.13	318.44	199.97
422	95.554	31.383	64.4723	8.4932	92.0975	386	821.65	45064.11599999995	-62.806711	-98.378278	0	1	10.967	314.3	5.57	138.23
423	76.6388	75.6795	73.5566	85.6301	28.3317	549	843.73	44930.79399999995	124.530792	158.627896	0	5	25.96	102.42	227.87	353.44
424	92.5998	19.1217	47.3016	92.4311	54.5537	267	2224.99	44797.47199999995	-34.974356	108.745361	0	1	11.382	189.49	196.07	326.35
425	15.953	16.8464	49.0305	2.7597	86.7947	810	2257.54	44664.14999999995	32.189459	-114.591604	1	3	3.961	278.6	63.26	110.4
426	13.076	7.4315	61.8553	60.1963	64.5489	966	2582.06	44530.82799999995	-5.397921	94.390131	0	2	-24.089	231.82	259.34	274.62
427	47.9943	8.0233	39.667	68.2639	51.7052	1443	4514.11	44397.50599999995	97.860662	54.289672	1	5	-9.478	95.13	93.67	199.82
428	44.0032	65.3199	11.7202	46.3003	15.0208	664	2742.41	44264.18399999995	-146.136413	0.572059	0	3	-4.572	61.38	271.88	73.28
429	37.0986	95.5803	21.817	95.7975	49.4449	1028	1201.47	44130.86199999995	143.426654	15.399457	1	2	-24.162	275.12	28.86	81.32
430	84.3563	5.2911	78.9193	32.8815	48.6318	504	4515.21	43997.53999999995	144.629099	37.129704	1	2	-20.243	166.4	271.46	29.96
431	80.6762	88.1095	96.137	47.0429	88.8571	1288	4070.63	43864.21799999995	42.863216	91.749062	1	3	-30.299	90.2	340.01	54.78
432	53.6532	91.6247	1.0399	38.8645	34.2316	56	4327.16	43730.89599999995	76.575838	139.047692	1	1	-37.039	310.13	205.41	340.92
433	47.8211	37.5977	55.6828	75.7041	42.5166	1108	3308.93	43597.57399999995	57.999639	64.71853	1	5	25.843	259.62	224.14	291.93
434	16.6873	47.1657	40.306	7.9959	64.5842	1341	2675.49	43464.25199999995	-13.752464	-32.726032	0	0	-13.957	82.52	168.26	220.47
435	51.8383	91.6897	76.2034	78.8815	49.5836	1565	4280.46	43330.92999999995	8.878248	-45.623255	0	4	-6.796	280.87	29.57	247.91
436	29.3232	14.8991	12.8957	8.9432	72.7775	1050	1416.35	43197.60799999995	150.588625	0.625202	0	5	-25.967	346.42	273.54	343.07
437	12.5149	19.9614	55.282	25.0459	18.0532	1019	4478.36	43064.28599999995	-131.14043	147.109643	1	2	2.05	40.84	75.02	227.2
438	18.8691	25.8385	42.411	82.5532	37.8679	128	558.06	42930.96399999995	125.982546	106.305155	1	4	-30.506	350.0	334.68	82.2
439	61.416	73.1349	46.3665	1.3601	55.7998	211	4665.45	42797.64199999995	88.57011	-1.864036	1	5	6.366	286.86	187.05	246.48
440	81.4338	45.9009	61.4385	51.9326	59.4672	242	418.41	42664.31999999995	129.830191	-158.571321	0	5	3.672	71.72	160.1	237.31
441	38.5634	92.7256	1.5529	13.2905	33.2396	929	915.96	42530.99799999995	-19.723258	-171.475207	1	1	8.155	317.36	342.11	235.88
442	97.6431	11.4346	47.8542	39.9665	27.3426	1110	2534.09	42397.67599999995	-142.741426	115.285203	0	4	25.733	101.57	198.69	14.39
443	48.1965	92.6709	28.6314	59.7656	60.3364	484	3611.71	42264.35399999995	-55.19327	100.417438	0	1	29.6	62.86	197.6	316.04
444	61.5276	28.9591	60.5725	24.9765	6.4872	450	2596.57	42131.03199999995	-60.215003	116.809291	1	4	19.327	137.42	204.1	139.8
445	91.3506	37.2941	45.8099	60.0538	55.184	528	2470.2	41997.70999999995	-151.064767	116.395087	0	2	6.803	125.04	221.02	122.6
446	26.21	35.74	55.3881	35.3743	31.9326	1279	1438.13	41864.38799999995	-82.016644	138.241207	1	3	-10.356	148.14	185.05	46.35
447	11.7164	31.5512	87.6061	90.4947	91.1107	1411	3953.39	41731.06599999995	-160.368044	-165.236612	0	5	23.494	121.54	234.79	149.85
448	55.0846	30.3525	12.1496	52.3999	62.565	975	2342.78	41597.74399999995	-100.19097	-178.474568	1	6	13.774	270.68	106.96	315.62
449	7.2727	1.325	61.682	51.6865	73.7408	758	3717.79	41464.42199999995	162.604431	-87.553832	1	0	-30.457	330.27	53.7	165.31
450	15.0135	22.2064	79.9917	97.0699	64.8637	830	4293.61	41331.09999999995	140.510663	-45.734656	1	3	17.558	87.38	78.38	229.65
451	56.8261	64.2998	41.0121	42.0502	84.1475	1600	1455.25	41197.77799999995	-145.87821	125.468113	1	6	-0.066	102.48	96.2	204.47
452	41.8011	74.2082	65.3018	89.0679	68.2429	1244	2006.21	41064.45599999995	111.061215	-68.172312	0	2	-29.085	275.59	336.23	316.93
453	47.4695	8.0236	63.7397	16.6275	98.2385	1036	2502.72	40931.13399999995	81.143115	150.322159	1	2	20.305	109.08	169.09	140.11
454	49.1935	50.5431	83.8149	78.576	7.5394	1207	84.77	40797.81199999995	-73.546082	29.281595	0	1	-21.553	224.24	320.35	296.03
455	25.9546	27.7167	65.0045	9.0044	86.0197	812	415.8	40664.48999999995	-94.531041	-15.60974	0	1	-31.551	196.7	144.01	7.02
456	95.1605	67.3243	22.3786	71.5811	36.2976	1269	4089.63	40531.16799999995	14.329532	-153.121081	1	5	22.368	161.28	272.38	333.76
457	3.1583	3.7893	18.4083	90.4735	84.8823	128	1429.91	40397.84599999995	87.25305	-131.438626	0	6	-18.83	317.49	295.82	285.22
458	11.1375	14.7531	94.4288	75.9846	24.3818	1749	2470.21	40264.52399999995	-39.472379	-112.404613	0	5	-36.987	142.67	253.34	67.76
459	53.6545	48.3354	84.5885	86.1574	88.3303	1700	981.16	40131.20199999995	173.67945	-35.887587	0	1	-29.188	249.15	35.34	309.44
460	52.0295	13.596	61.9641	94.9898	79.3193	642	2747.53	39997.87999999995	-78.224086	165.688918	0	2	-1.617	335.49	95.26	290.36
461	44.6092	21.2946	45.3005	63.5207	35.6782	436	4948.41	39864.557999999946	149.266444	74.303364	0	1	-24.78	104.29	283.64	309.47
462	58.8275	40.0049	82.2267	51.4882	17.2426	571	4593.53	39731.235999999946	-45.972203	15.538927	1	2	6.461	211.09	223.15	70.89
463	71.4019	50.5915	87.3593	40.7116	68.602	726	3444.32	39597.913999999946	-93.980171	-50.880687	0	4	24.972	212.07	357.25	236.71
464	67.3515	16.4245	97.0339	65.879	84.2469	413	3876.29	39464.591999999946	147.560154	-3.745622	1	3	3.835	233.15	172.04	297.38
465	88.1208	57.1367	86.5129	5.2304	19.8631	22	4957.51	39331.269999999946	-73.405625	-4.322705	1	5	-18.162	227.79	54.33	140.82
466	73.9931	48.7623	71.385	45.3224	27.1817	302	52.36	39197.947999999946	-139.793871	0.217412	0	4	3.925	341.41	147.48	39.64
467	33.5108	46.0961	25.5478	96.5718	40.8162	533	475.72	39064.625999999946	131.612192	62.673629	0	0	2.265	272.19	354.11	75.36
468	56.8389	28.0972	56.951	69.5174	16.4159	1467	624.3	38931.303999999946	-15.091756	28.046464	0	1	-31.394	328.42	341.84	182.57
469	91.2118	84.7108	91.4812	38.5585	37.8979	1441	918.63	38797.981999999945	-124.793887	155.189714	0	6	27.89	39.8	4.15	120.6
470	80.9242	50.965	7.8286	79.7657	98.8902	1285	4103.36	38664.659999999945	58.729235	-63.631115	0	4	-26.263	267.5	313.95	316.79
471	60.3822	25.6452	13.6903	89.526	37.6496	62	2019.65	38531.337999999945	96.436217	-103.098939	0	1	19.111	130.46	280.88	113.46
472	85.2051	7.3064	3.4986	65.0796	4.4809	1489	2632.67	38398.015999999945	-143.456802	129.849427	0	2	-28.334	294.24	82.91	334.28
473	55.4678	98.1575	98.7571	32.3966	22.1105	54	177.87	38264.693999999945	-16.826935	-70.733393	0	4	0.388	179.65	242.78	16.91
474	27.5404	58.6403	52.6251	9.0549	87.8075	354	1994.66	38131.371999999945	177.611758	111.962445	1	5	3.099	257.47	250.14	276.65
475	67.6543	62.0876	58.2747	16.622	79.5067	1368	2768.14	37998.049999999945	-86.530806	-105.040721	0	1	-4.8	10.9	58.74	309.12
476	57.01	38.0738	74.6389	98.9059	16.5188	1108	4770.58	37864.727999999945	-134.933562	-162.101641	1	2	-0.76	155.74	341.02	5.92
477	39.0195	3.1792	68.128	97.7786	74.7644	153	815.41	37731.405999999944	51.545854	137.542591	1	3	-35.055	349.82	36.75	231.26
478	95.8106	72.4009	91.2976	65.9178	10.7373	1361	292.73	37598.083999999944	90.364848	53.628003	0	2	2.603	101.51	337.73	86.39
479	94.7485	13.9683	88.0146	81.0939	5.003	1014	2163.47	37464.761999999944	26.633355	-132.327151	0	3	-5.22	266.57	88.24	226.1
480	38.7419	82.0187	79.0822	58.3947	29.3159	651	1978.27	37331.439999999944	-81.665066	-131.230546	0	2	-6.116	59.61	255.06	40.38
481	47.2891	88.4498	42.3848	64.2784	27.0191	1267	1457.36	37198.117999999944	-127.988352	94.775096	1	5	-21.574	174.57	182.56	179.25
482	12.9908	76.6947	5.9725	59.1283	97.1834	249	4284.65	37064.795999999944	57.59566	-70.403725	0	3	20.001	95.08	135.93	228.83
483	98.9675	97.6629	36.7881	75.3577	41.4503	1153	60.17	36931.473999999944	169.240656	78.824496	0	1	11.146	52.25	247.52	175.49
484	93.8714	89.8706	10.474	6.2693	24.1213	454	3478.15	36798.151999999944	-3.13611	-39.294567	1	3	10.461	181.03	49.13	359.28
485	15.0771	30.0126	95.6124	68.2456	46.0788	1666	1224.96	36664.82999999994	-56.529262	-172.339796	1	0	4.989	240.31	78.69	266.28
486	94.394	35.6244	56.4692	87.3401	86.2257	338	4244.21	36531.50799999994	25.585966	50.093616	1	3	-37.177	179.16	142.7	336.72
487	48.2073	41.6481	74.2988	51.1036	87.6416	483	3845.55	36398.18599999994	56.62889	65.848818	1	1	3.894	249.93	315.96	186.07
488	49.0037	0.7068	81.4802	92.6535	73.4979	1148	4258.84	36264.86399999994	-126.844073	27.964277	1	2	-27.878	34.1	339.61	22.0
489	86.5991	37.585	5.036	52.1593	31.167	838	3558.53	36131.54199999994	-51.366294	-152.391165	0	2	8.821	185.33	282.64	38.42
490	9.0242	41.8304	44.9768	8.216	5.9006	1155	4756.29	35998.21999999994	5.337198	106.81876	0	1	1.247	207.72	61.66	232.54
491	5.4873	13.0726	28.5759	89.9701	24.131	1566	4292.15	35864.89799999994	-44.432417	-104.852787	1	4	-32.058	184.66	221.66	103.81
492	58.9814	54.724	59.7535	6.8333	92.4622	1161	4054.62	35731.57599999994	-147.734353	60.975921	1	5	9.861	310.91	284.35	38.7
493	94.1074	73.1597	20.1314	47.0932	48.089	625	731.39	35598.25399999994	-35.775355	-44.716619	1	3	-20.03	297.42	175.02	266.77
494	64.3159	44.5069	63.2811	20.6956	72.9218	984	524.88	35464.93199999994	-24.564408	-75.436544	1	6	11.907	21.74	274.08	355.43
495	2.3649	41.6892	33.6921	30.0766	54.8023	397	3840.54	35331.60999999994	-48.997483	-55.123584	1	4	22.496	163.48	234.16	268.78
496	77.3014	5.1198	32.2469	19.4254	78.5463	1014	3762.97	35198.28799999994	67.943676	179.237939	0	3	-2.739	167.54	358.5	220.79
497	76.8749	37.2486	42.7534	91.9411	73.4657	1621	1927.18	35064.96599999994	85.148819	147.374864	1	5	14.718	237.39	94.06	300.35
498	20.4089	95.8478	85.9093	71.8877	92.8647	1010	3897.82	34931.64399999994	167.895097	66.9896	1	6	-30.275	136.1	88.09	167.78
499	47.6269	33.5514	56.7484	53.8824	56.4844	43	115.81	34798.32199999994	-150.689556	5.926487	0	6	1.211	34.69	151.86	354.37
500	54.4695	36.7589	75.6166	32.55	19.0459	0	3745.86	34664.99999999994	103.44708	-12.776584	0	4	21.891	271.58	204.55	62.15
501	26.7027	54.252	75.3376	20.8269	95.919	520	1018.27	34531.67799999994	-149.086961	22.656202	0	0	11.046	353.03	316.25	196.78
502	22.3022	96.1053	59.9207	2.3222	97.7867	103	4298.58	34398.35599999994	67.402216	35.575875	0	6	29.114	250.71	81.92	276.71
503	89.9787	29.331	76.113	10.6583	95.4426	661	2625.89	34265.03399999994	128.39957	-148.259143	0	6	-22.982	150.94	68.22	13.61
504	7.0381	55.3125	57.1664	68.2868	38.3887	1479	2914.62	34131.71199999994	159.39809	-5.700014	1	0	23.495	307.98	140.54	122.14
505	22.9716	14.0282	63.3572	45.4846	23.0224	562	1372.14	33998.38999999994	40.141458	32.094531	1	5	2.959	279.39	129.2	237.49
506	73.5895	90.7292	46.0206	35.5619	68.8081	277	4519.9	33865.06799999994	51.938239	-8.290913	0	1	20.022	272.61	348.95	151.6
507	69.5762	90.9297	52.6866	72.7652	15.1198	1339	840.53	33731.74599999994	-126.149051	103.927013	0	5	-15.087	103.72	20.87	332.19
508	51.5524	18.44	29.6609	75.7163	58.4852	1424	2703.54	33598.42399999994	-79.031136	58.970088	0	5	24.583	68.28	128.7	27.59
509	97.2408	85.4173	51.5799	27.5985	86.1692	1780	3565.74	33465.10199999994	-30.117491	10.953386	0	5	-22.912	21.6	200.03	7.44
510	2.3569	87.6872	6.0891	81.3089	42.6034	927	4703.45	33331.77999999994	-54.694102	-63.157405	0	0	-8.728	60.14	12.24	233.59
511	47.7604	47.2665	58.7564	16.5386	55.402	1473	2187.66	33198.45799999994	-33.669392	116.769958	1	4	24.303	79.39	342.48	9.57
512	84.764	54.5009	14.1654	88.8173	43.8566	779	2763.26	33065.13599999994	90.571646	-29.919843	0	5	28.789	190.72	157.57	114.9
513	29.34	76.4451	45.6905	25.079	62.1018	1335	644.6	32931.81399999994	141.060562	139.002662	0	1	9.622	161.79	339.94	75.64
514	10.9356	13.8793	73.0723	64.6506	39.7552	302	4723.63	32798.49199999994	117.031386	-103.491153	0	4	12.182	162.86	100.54	193.95
515	7.0852	48.0481	10.0838	26.5674	40.7286	1454	2772.72	32665.16999999994	-67.69639	45.980601	1	3	-28.438	147.44	241.66	294.51
516	96.4732	94.4079	38.0597	51.9371	49.9569	125	4659.43	32531.84799999994	152.541878	74.97684	1	4	-36.121	99.4	102.39	144.07
517	52.4995	95.1832	24.3261	61.6717	12.1613	780	2093.03	32398.52599999994	152.473393	46.488297	0	4	24.886	130.59	36.07	17.96
518	44.5296	35.7193	72.0182	47.0825	0.7193	1704	513.15	32265.20399999994	173.242634	-40.948894	0	6	-20.757	330.94	65.92	132.06
519	74.7812	40.3996	48.5565	44.9748	89.0327	1022	812.38	32131.88199999994	-49.499292	-107.204989	0	5	29.488	285.32	223.54	200.6
520	18.1514	40.4471	36.1391	80.4507	68.9598	1144	509.14	31998.55999999994	157.465386	-15.858659	0	4	29.432	133.64	262.24	318.48
521	31.7644	16.8532	12.4031	35.2849	57.8958	230	3857.01	31865.23799999994	-35.333784	-120.337601	1	4	-2.269	25.44	257.79	146.39
522	23.021	30.7266	18.1834	67.494	24.1234	371	2785.33	31731.91599999994	17.096037	-1.945756	0	6	-25.762	19.23	42.9	173.17
523	27.8677	26.3137	86.6096	10.1591	85.2682	441	770.33	31598.59399999994	134.88195	-81.830051	0	3	-30.816	196.31	310.26	96.86
524	1.6102	98.8193	36.7427	71.98	95.4836	1771	4140.36	31465.27199999994	18.541544	-42.631488	1	3	-21.521	197.59	72.35	123.42
525	14.1442	88.1556	48.5107	61.0428	60.0472	106	4805.68	31331.94999999994	174.404232	-140.344791	1	3	-7.633	324.81	318.86	308.3
526	68.8828	60.1827	1.8094	35.3054	8.4561	262	437.59	31198.62799999994	-22.298376	-102.540364	1	3	-17.915	294.9	312.13	155.42
527	33.511	7.2239	49.1746	32.5108	49.0288	533	3421.49	31065.30599999994	81.148061	-78.82775	0	6	-37.484	277.38	344.1	184.86
528	56.048	47.6612	6.2338	80.2756	70.1141	1111	3617.88	30931.98399999994	20.001145	150.665457	1	1	-27.843	198.79	74.32	112.76
529	34.8945	42.2171	89.472	38.7035	63.515	171	758.92	30798.66199999994	133.869729	80.458979	1	5	-20.692	129.91	12.2	131.98
530	53.7055	32.6633	59.2611	39.802	37.5059	344	134.2	30665.33999999994	-105.536232	110.36522	1	5	-37.433	297.49	107.36	98.59
531	6.3371	14.4077	74.423	58.1117	92.3903	1518	385.98	30532.01799999994	151.62606	3.598838	1	4	-38.279	262.29	345.98	17.29
532	89.214	27.2453	1.999	11.2848	70.0909	1621	4261.0	30398.695999999938	-155.965299	81.058443	1	3	7.353	148.49	25.12	6.69
533	2.8675	38.4803	10.9665	18.142	47.5996	42	1761.3	30265.373999999938	-166.671281	-10.35488	1	4	-11.522	73.26	355.11	60.41
534	27.4194	81.4647	57.481	59.7817	13.5449	688	2826.27	30132.051999999938	-12.29982	-117.763745	0	3	-4.522	213.89	299.0	74.44
535	9.0724	97.1574	50.6529	29.0134	69.1755	1288	1890.77	29998.729999999938	-148.309649	116.329477	0	3	-16.322	326.33	218.92	166.09
536	69.747	93.8063	84.4081	76.2286	92.1246	550	223.37	29865.407999999938	-170.329074	150.658257	0	6	13.738	230.3	274.13	63.87
537	4.7886	16.7084	64.6235	91.4182	38.5825	1376	456.57	29732.085999999937	-177.212239	124.933733	1	2	-28.757	183.77	307.0	226.52
538	24.2092	50.3412	22.0569	21.1836	55.8829	113	586.19	29598.763999999937	67.776262	131.044117	1	5	-34.841	248.42	332.57	184.91
539	4.1045	54.436	26.44	74.8604	6.3711	1256	357.54	29465.441999999937	-167.621683	48.17631	0	2	-1.139	325.48	14.27	113.15
540	44.3985	33.395	31.6674	82.5844	10.2633	70	2735.97	29332.119999999937	-32.185656	69.716215	0	5	-26.033	146.96	282.69	64.16
541	72.5302	71.6643	67.2381	27.6411	46.4386	1700	3455.52	29198.797999999937	-106.158752	93.239738	1	5	-31.783	203.28	250.37	105.22
542	47.8985	7.3155	58.0766	63.5441	47.4523	1508	1135.84	29065.475999999937	75.082825	-69.932238	0	6	18.512	34.87	298.36	214.68
543	44.0162	15.0757	84.9288	71.0758	44.5709	704	3738.55	28932.153999999937	-143.657429	106.042136	1	4	-23.008	64.97	51.19	188.69
544	46.1263	25.7697	2.0354	81.2698	69.5248	1550	4230.61	28798.831999999937	88.317199	15.254218	0	3	-17.548	98.88	14.8	44.83
545	89.5627	38.3388	0.7999	52.3695	95.5193	13	4569.79	28665.509999999937	93.977086	-82.479771	0	2	-36.662	270.0	272.45	217.04
546	12.6068	66.3476	47.3706	16.5182	54.0834	1466	3270.11	28532.187999999936	22.573783	115.300184	1	4	-38.836	260.7	222.63	58.02
547	88.1298	76.7437	75.2935	34.513	25.8329	788	2501.31	28398.865999999936	107.812084	43.057352	1	4	-0.83	173.18	241.68	224.32
548	26.3547	33.1383	58.0421	72.8212	33.3077	532	1445.55	28265.543999999936	147.15202	-173.819393	0	4	-29.485	224.35	354.86	184.26
549	47.5471	64.1978	81.5352	90.9614	97.5326	174	3942.27	28132.221999999936	-115.127669	113.32824	0	4	-28.761	218.56	170.9	37.78
550	6.0499	28.282	46.5722	25.4415	92.6447	1424	4906.16	27998.899999999936	-19.46066	47.912824	0	4	-17.446	275.68	107.51	62.91
551	53.4532	38.7174	48.541	73.7773	32.5833	1226	1519.85	27865.577999999936	-52.221188	94.198272	0	2	6.845	39.82	128.27	326.96
552	91.8068	88.6523	97.3747	72.3926	91.292	1037	2081.33	27732.255999999936	25.09494	-11.458164	0	6	-0.668	237.83	32.02	159.55
553	14.7448	96.4932	67.2773	92.5085	35.4587	1782	3382.26	27598.933999999936	71.248657	-17.627381	0	1	-0.761	71.57	201.75	18.09
554	15.4245	2.5816	61.6765	25.7114	14.712	510	4842.02	27465.611999999936	-124.215804	-23.94619	1	2	-19.019	19.88	315.16	154.46
555	40.1755	56.7041	72.7225	17.5262	80.8981	11	4369.61	27332.289999999935	4.828679	-124.94462	1	0	-4.043	22.79	128.8	273.37
556	13.1369	89.0167	90.1737	83.0924	63.7545	137	1025.41	27198.967999999935	0.87101	-51.006339	0	6	9.464	233.48	113.33	13.53
557	0.4077	31.3599	29.9494	6.8836	56.1614	1445	2501.92	27065.645999999935	-103.084569	28.035893	1	6	-27.092	201.68	358.29	34.02
558	38.4146	57.4941	2.2735	0.2145	80.1444	866	3626.94	26932.323999999935	-162.851957	-115.616385	0	0	21.716	290.25	169.39	134.49
559	15.4145	85.6678	8.4853	0.4307	61.1612	320	759.6	26799.001999999935	166.649633	117.233862	0	2	-16.841	293.8	213.11	277.34
560	7.313	52.0722	2.9135	56.3091	23.2595	257	895.71	26665.679999999935	-107.825555	166.309066	0	3	22.281	57.66	60.39	323.54
561	30.0857	59.4268	46.9722	36.6892	56.1476	701	2137.51	26532.357999999935	-94.826062	113.004378	1	4	-3.032	330.61	328.78	178.97
562	59.9017	61.6702	53.9701	6.7482	93.5131	667	2286.57	26399.035999999935	137.197083	148.945537	1	2	-29.981	18.98	302.87	13.9
563	14.0662	74.989	47.3837	3.2781	23.6918	767	2199.49	26265.713999999934	-71.597928	178.183208	1	5	-37.2	215.84	161.45	321.67
564	35.2298	93.8275	22.3821	48.8847	10.142	151	3479.88	26132.391999999934	8.902266	-19.820085	1	5	-13.207	8.08	14.45	115.14
565	0.6585	16.073	39.8162	37.6371	30.5282	118	3996.5	25999.069999999934	164.22447	-170.284962	1	2	-27.137	324.18	35.85	284.69
566	65.0534	79.2492	86.7418	40.2035	29.2123	892	146.19	25865.747999999934	-133.990778	-92.408011	0	4	24.272	344.31	348.45	79.11
567	30.2671	91.239	72.7756	73.6369	91.4936	1408	2400.25	25732.425999999934	98.688591	-93.430669	1	5	-1.626	208.32	156.33	249.49
568	84.5964	94.3729	91.9256	91.6509	81.6072	1473	2792.35	25599.103999999934	-13.864232	104.94168	0	3	-38.541	76.58	335.06	284.44
569	35.0029	39.5968	97.8482	65.6682	49.6021	1723	2479.1	25465.781999999934	140.599663	-88.167411	1	5	0.466	42.66	278.31	130.37
570	67.6488	22.9795	12.4325	12.8051	79.1288	892	1958.58	25332.459999999934	34.333759	0.185064	0	2	16.725	11.06	222.32	49.42
571	93.2637	82.3709	59.7049	82.9634	45.3257	1379	63.29	25199.137999999934	-111.368275	119.375392	1	2	12.923	148.73	226.14	197.15
572	69.1868	58.4958	62.8332	71.3615	84.3498	1564	4704.38	25065.815999999933	-20.038329	167.856273	1	4	27.676	214.88	321.74	186.29
573	65.7739	21.9312	31.1811	9.0162	75.5633	12	659.13	24932.493999999933	126.721385	142.473588	1	5	11.352	161.15	147.08	129.58
574	11.6495	67.6209	94.0727	7.7785	25.5749	671	4551.0	24799.171999999933	88.342403	105.253145	1	6	28.796	153.4	58.6	57.09
575	31.1925	27.1264	28.9198	45.1937	62.097	463	1161.62	24665.849999999933	-62.731467	52.407188	0	6	5.404	111.11	114.74	303.01
576	76.07	15.0523	43.8911	49.8781	44.816	310	3791.35	24532.527999999933	41.669139	159.311837	0	6	-13.209	309.17	29.59	2.94
577	55.3527	26.0386	30.364	72.0988	52.4771	720	1661.15	24399.205999999933	-117.166524	45.742651	1	5	10.339	70.01	207.61	125.14
578	36.8886	88.9553	32.2056	77.1769	27.5908	133	3547.21	24265.883999999933	55.793935	-147.888044	1	0	3.855	93.39	41.4	229.78
579	23.373	68.632	68.3139	25.2114	69.6663	593	2360.48	24132.561999999933	-94.844074	-144.404538	0	5	3.825	188.05	10.46	289.21
580	69.3748	1.4741	77.9093	10.95	15.2615	668	1189.72	23999.239999999932	-77.241289	136.08873	0	3	29.128	25.44	35.78	147.61
581	3.1333	31.6554	48.4373	14.8443	89.8002	364	1705.44	23865.917999999932	-46.565003	21.084311	0	4	-37.021	158.11	168.74	198.3
582	25.6942	27.9207	6.5192	12.1422	73.375	789	371.57	23732.595999999932	-131.404025	61.675906	0	3	-23.207	323.35	124.31	189.84
583	10.1301	76.7653	79.2822	67.7053	43.0654	834	2032.15	23599.273999999932	126.73688	166.974219	0	1	4.12	87.78	73.28	18.08
584	20.3695	62.7758	54.2049	67.872	7.8159	1712	1384.92	23465.951999999932	-80.396437	-133.176337	0	3	23.634	197.59	158.58	202.85
585	75.848	93.9787	36.7917	26.888	6.098	754	1593.53	23332.629999999932	-96.339276	-138.864976	1	3	-32.299	271.47	118.89	287.99
586	0.8672	36.0436	38.569	92.0047	65.7906	1342	3357.25	23199.30799999993	-97.55118	-20.856625	1	3	24.093	19.7	22.15	185.0
587	63.6119	50.4818	9.2821	47.9912	69.1554	327	1902.14	23065.98599999993	-136.615441	5.29147	1	3	-0.124	358.18	289.07	275.88
588	40.3584	2.2233	47.579	40.6417	59.491	1469	49.28	22932.66399999993	84.320231	-8.102121	1	4	0.855	116.13	257.73	76.27
589	59.8236	80.8146	50.193	36.2273	13.1517	1188	683.09	22799.34199999993	7.248995	72.886401	1	6	-37.004	132.73	317.48	255.45
590	83.3558	38.8181	41.8694	57.9713	57.4819	687	1444.34	22666.01999999993	-70.176766	155.971102	1	6	10.018	355.66	8.5	121.1
591	32.8791	77.9322	53.3276	2.1661	52.0311	473	820.51	22532.69799999993	-14.033884	171.775804	0	5	0.325	9.4	118.24	147.88
592	22.246	45.3524	27.0662	46.3474	53.5202	158	2752.36	22399.37599999993	-114.180224	-120.834958	0	3	9.44	78.69	262.27	317.15
593	4.7666	35.9572	20.2641	58.2131	35.0529	418	23.66	22266.05399999993	69.091743	12.461782	0	1	-15.665	330.03	328.11	352.31
594	78.6833	20.3854	7.1958	39.4184	5.0648	1601	3437.55	22132.73199999993	-62.554902	-153.636406	1	0	-25.435	206.32	146.22	255.65
595	28.1163	28.4164	62.8192	12.1359	24.0189	1238	4841.17	21999.40999999993	103.343734	-114.829674	1	5	28.285	32.82	3.46	197.03
596	76.5684	57.2272	92.826	62.918	9.7356	1630	3999.55	21866.08799999993	98.787729	-42.298163	1	5	7.461	13.94	295.25	115.88
597	84.8888	75.8144	64.6557	20.2202	40.8046	1785	4957.72	21732.76599999993	106.479585	-77.805313	0	3	-0.82	8.96	252.24	348.97
598	63.6607	51.5654	90.1551	76.4222	31.0061	1714	480.92	21599.44399999993	-65.534274	-125.738529	0	3	4.2	287.95	15.12	183.44
599	74.7512	39.798	60.0106	92.9715	91.6847	1010	3840.42	21466.12199999993	27.170069	23.882922	0	3	-11.221	82.74	71.85	128.1
600	71.4748	2.2327	93.4571	19.3398	1.1247	1469	1847.54	21332.79999999993	172.606639	10.4299	0	5	-19.692	248.06	68.43	134.35
601	53.0928	81.3392	53.2857	32.7329	9.9331	1722	1306.1	21199.47799999993	-78.456816	-177.088865	0	4	1.781	348.37	248.25	280.76
602	2.8765	76.5015	51.3214	63.3977	68.1632	1291	1131.86	21066.15599999993	-84.188075	44.939904	0	4	-21.891	85.6	31.82	222.96
603	42.9519	41.9921	94.7542	56.5989	45.824	978	1790.21	20932.83399999993	26.297469	-81.829971	0	5	24.791	235.05	29.44	137.2
604	61.5	4.1404	86.0767	51.081	51.4108	775	2617.36	20799.51199999993	-141.541518	-106.688938	0	4	-28.251	307.13	48.32	55.63
605	59.2147	80.514	57.0155	20.0652	8.296	1003	3836.68	20666.18999999993	-71.453861	76.138119	1	5	-34.633	133.73	224.62	272.85
606	52.3653	90.1017	5.0343	20.2925	9.747	496	3969.14	20532.86799999993	-13.01429	-147.908893	0	5	-1.627	189.46	12.31	292.74
607	5.8319	96.7471	43.7165	63.108	81.6613	820	2969.19	20399.54599999993	-69.901237	49.109591	1	4	18.683	324.13	292.38	239.64
608	84.9253	39.7723	89.4656	60.7691	90.512	1372	2983.35	20266.22399999993	-67.485348	-52.498066	0	4	6.061	73.25	273.42	25.48
609	40.7869	10.3355	53.1983	69.094	36.4705	1031	1518.73	20132.90199999993	19.200686	10.977855	1	3	16.13	308.83	55.21	145.33
610	37.4869	7.116	71.5133	4.5941	1.088	416	4154.07	19999.57999999993	-161.638132	-122.671375	1	3	15.169	95.88	285.89	241.8
611	35.8067	44.3957	5.5433	39.0055	39.5959	1385	3867.17	19866.25799999993	-115.6748	-30.83835	0	4	13.534	66.64	144.66	219.15
612	20.4954	94.382	9.1844	65.0611	16.2513	1502	4060.26	19732.93599999993	-75.415699	-105.19999	0	5	10.798	184.11	60.71	313.47
613	27.3335	13.6225	55.2844	27.2036	78.6144	1776	1713.59	19599.61399999993	-95.942285	56.028546	0	3	-29.996	40.13	194.01	205.18
614	6.1997	1.1774	31.5191	79.8775	19.0573	303	4491.86	19466.29199999993	33.67714	-70.440801	0	4	-13.884	215.12	39.72	41.16
615	52.8893	90.1243	16.5273	24.1552	83.1749	1242	94.41	19332.96999999993	26.915285	-175.06489	0	3	-17.911	231.09	65.42	37.16
616	96.5452	32.8622	60.1639	45.647	61.8934	1769	1033.82	19199.64799999993	135.059726	-177.429231	1	1	2.688	231.42	166.77	92.69
617	34.6044	8.4006	87.2425	7.0607	59.8789	1468	1616.55	19066.325999999928	68.664474	-179.941291	0	1	6.228	191.37	175.76	317.53
618	79.2099	88.1277	27.1106	44.2582	55.3638	1251	72.6	18933.003999999928	29.870573	38.52382	0	4	6.665	294.87	326.18	106.3
619	24.5729	59.1397	84.3201	97.9296	76.9538	1547	4571.18	18799.681999999928	-129.05949	168.65559	0	3	14.048	359.77	149.4	187.96
620	67.6661	7.2073	16.7839	74.8275	3.8846	1520	4073.92	18666.359999999928	120.935216	25.729602	1	1	-36.258	56.19	32.89	309.41
621	19.9075	18.9564	17.2788	72.3139	73.5983	1762	624.72	18533.037999999928	28.442189	170.344037	0	1	-9.574	271.69	231.04	97.28
622	10.8824	95.1155	47.8881	62.5764	82.7957	164	3128.6	18399.715999999928	49.214607	63.499637	0	5	21.533	215.14	106.28	256.26
623	63.9528	42.982	60.586	34.3183	44.4152	219	3675.69	18266.393999999927	-48.265572	21.58574	0	3	4.798	200.04	259.53	171.26
624	90.9344	62.7002	78.2381	96.4904	77.4629	800	1266.09	18133.071999999927	-153.047086	-148.088281	0	2	-2.513	220.84	207.68	334.34
625	52.0849	53.0727	90.0597	7.0934	54.7475	743	1076.93	17999.749999999927	-165.604156	36.129173	1	4	29.962	5.4	67.49	335.56
626	11.5072	29.5007	56.4774	77.004	5.8573	1781	4973.79	17866.427999999927	-126.431986	24.018679	0	6	-23.198	263.04	293.82	196.23
627	24.7265	43.608	54.3264	94.5752	88.7373	1649	1375.94	17733.105999999927	-34.781933	13.213869	1	5	-25.347	61.81	83.8	244.18
628	86.4201	78.8905	56.5659	55.1458	3.3474	298	1214.37	17599.783999999927	-41.646578	-72.451791	1	4	26.478	301.43	22.08	76.83
629	19.2919	51.2457	20.1794	66.6488	94.6622	348	2898.16	17466.461999999927	83.78495	-140.164265	1	5	28.16	211.81	193.93	81.91
630	77.0019	18.6818	20.0175	90.1344	94.8446	252	912.47	17333.139999999927	-84.674554	119.995214	1	4	-33.266	336.77	27.69	307.42
631	15.8747	75.7013	94.2226	15.4242	20.4605	561	1900.97	17199.817999999927	-133.721223	-10.277395	0	4	-2.545	345.33	202.18	18.99
632	16.158	94.3882	22.846	69.3889	74.8374	1235	3252.68	17066.495999999926	139.25628	77.698261	0	4	-7.544	62.83	98.97	155.78
633	51.6711	55.7286	95.2986	24.2825	35.308	707	2771.41	16933.173999999926	-4.807885	158.226233	1	3	-6.862	170.78	81.61	80.64
634	4.4297	78.0695	52.7853	47.2548	7.1284	1732	3293.01	16799.851999999926	-68.291316	162.339073	1	4	-31.19	324.7	168.77	55.21
635	51.421	84.0597	67.3989	57.2216	90.6386	36	2222.6	16666.529999999926	166.203984	-64.51917	1	1	-15.064	326.03	23.44	104.15
636	12.2138	6.7454	49.7366	61.2297	64.5392	547	4978.24	16533.207999999926	47.893338	-68.415311	0	2	29.188	112.85	105.44	35.08
637	91.6399	39.8262	7.3336	53.3813	4.8476	1477	1090.74	16399.885999999926	-156.803371	107.215583	0	4	-10.437	301.05	81.96	59.76
638	15.7373	5.5419	89.9883	53.7849	97.5748	1023	2646.09	16266.563999999926	46.808376	-129.177823	1	6	21.45	356.93	11.71	70.84
639	30.2348	19.6721	68.5204	81.252	71.0136	1011	797.26	16133.241999999926	-153.194544	-159.344836	0	4	-13.312	194.71	18.46	1.01
640	32.8949	51.9292	26.8924	93.8198	46.4539	1701	4177.91	15999.919999999925	-125.331616	-166.851464	1	3	-33.475	306.02	220.56	165.35
641	85.7336	21.0413	98.4919	95.5967	80.4085	1410	4027.87	15866.597999999925	-64.89735	112.924978	1	3	22.588	37.41	83.83	108.65
642	67.8676	23.6433	73.7979	36.2884	84.1428	924	1390.02	15733.275999999925	167.924935	-77.339934	0	3	-9.699	117.44	238.35	164.25
643	10.2884	0.2827	82.2402	9.7684	32.3988	1074	3354.29	15599.953999999925	-42.93137	136.536709	1	3	17.393	192.81	35.08	61.99
644	39.0144	64.3624	81.3894	17.624	83.0138	1178	4681.64	15466.631999999925	174.879978	-33.66936	0	2	10.239	154.2	306.6	5.05
645	84.5154	70.2586	59.3572	40.7672	35.6286	343	1187.75	15333.309999999925	119.475576	-60.052462	1	4	1.338	276.39	226.25	183.35
646	63.023	48.0186	97.1306	52.4529	51.3693	992	4861.87	15199.987999999925	-96.953232	-87.376665	0	6	3.854	197.53	165.83	185.21
647	96.2454	57.879	9.8632	61.8186	45.6485	750	3678.58	15066.665999999925	-19.399851	-72.47713	0	2	-30.619	42.18	230.79	205.07
648	48.7961	8.1119	83.9182	33.4444	55.1938	1551	4888.22	14933.343999999925	-28.283105	-95.607362	1	5	-3.604	110.63	139.5	142.75
649	17.3613	17.4164	2.7378	9.3695	39.3048	307	573.68	14800.021999999924	23.454201	-29.963755	1	2	-3.204	160.88	158.5	35.13
650	56.1977	26.451	13.6296	82.583	9.2383	254	1101.69	14666.699999999924	44.254271	157.607062	0	6	-17.652	284.94	221.1	93.85
651	10.5642	0.6513	30.8365	75.9652	70.2797	1485	2808.71	14533.377999999924	-122.8228	-160.17903	0	6	-12.627	112.09	217.03	188.16
652	59.4423	40.2794	52.0058	93.9837	53.1857	1599	96.71	14400.055999999924	-27.15068	157.353575	1	5	-38.724	66.09	114.15	294.4
653	90.8107	17.6123	64.0326	51.3646	81.7663	1436	3895.79	14266.733999999924	-80.98026	-119.743609	0	1	21.531	270.43	198.86	259.4
654	66.3467	70.4853	2.6106	72.8113	20.1049	385	1436.17	14133.411999999924	130.619157	126.48417	0	5	2.857	64.29	113.98	281.78
655	63.1011	31.3786	70.8719	70.8073	11.7188	1189	2137.67	14000.089999999924	29.860582	-17.713369	1	3	4.938	242.8	15.1	224.7
656	82.0034	91.5302	53.5177	79.1839	88.4454	1208	4890.74	13866.767999999924	58.810917	-70.881061	0	2	-22.458	254.24	293.83	18.44
657	3.4305	13.7285	11.4639	95.1105	24.6831	1779	1656.71	13733.445999999924	-153.290223	5.065369	0	2	-34.402	149.41	38.73	175.49
658	6.1417	95.2313	74.2622	40.597	57.1113	616	1584.28	13600.123999999923	-144.285299	33.100481	0	6	-4.275	62.71	61.32	106.83
659	62.5324	63.2472	49.184	54.4873	13.1672	440	2331.06	13466.801999999923	176.30608	-139.802143	0	1	-7.586	111.85	126.69	101.5
660	22.868	86.2089	90.4912	78.2031	81.8165	1280	456.94	13333.479999999923	-45.975695	130.976441	1	3	21.489	27.58	1.28	271.4
661	46.564	90.9961	36.7268	41.4409	90.3085	903	1907.7	13200.157999999923	-90.061312	-27.670188	0	3	7.85	80.43	198.77	250.87
662	46.7301	40.6555	50.4788	49.331	24.5608	596	2652.45	13066.835999999923	80.299855	8.754759	1	3	-19.191	41.69	23.19	311.12
663	62.9214	73.7627	37.8743	55.5486	51.3911	887	1700.92	12933.513999999923	-139.533697	39.93848	0	3	-31.065	5.21	67.64	104.73
664	16.3738	17.3688	27.9461	65.61	66.4991	836	4330.63	12800.191999999923	28.318462	-95.939451	1	2	26.454	224.38	75.04	342.06
665	75.2953	9.8442	25.0968	35.9652	61.9894	1287	4489.71	12666.869999999923	-68.857126	106.82849	1	5	7.596	225.46	122.77	359.4
666	19.9187	18.6068	65.2471	96.7876	45.0727	592	1446.15	12533.547999999922	172.623931	86.39438	0	2	10.777	120.35	241.44	216.45
667	91.011	86.6397	42.9855	81.811	42.8745	1354	4536.07	12400.225999999922	-48.237619	111.141409	1	0	27.305	47.82	257.85	238.53
668	42.3211	29.3532	68.526	90.3878	46.14	567	1621.62	12266.903999999922	-178.60609	-146.353994	0	3	27.939	208.8	283.74	88.69
669	24.9149	90.9101	30.987	18.718	55.0169	1637	1329.27	12133.581999999922	-151.501332	-155.995072	0	4	-39.875	174.51	122.3	99.23
670	0.2362	90.4255	1.5004	6.937	42.9307	1395	1633.2	12000.259999999922	139.606454	-56.25214	0	4	20.884	307.33	341.23	96.12
671	4.7073	57.8564	28.2566	42.4426	32.6922	847	232.47	11866.937999999922	-173.635094	-59.098496	1	3	2.53	245.88	44.13	320.27
672	17.3103	71.4823	13.4103	43.1158	93.9976	64	4360.21	11733.615999999922	-15.906633	75.989931	0	1	8.934	294.3	261.45	337.78
673	20.4032	27.1224	59.1952	45.8498	87.7369	1441	3372.88	11600.293999999922	95.864564	139.923086	1	1	-27.67	187.05	100.53	142.03
674	49.9775	52.905	7.2436	7.575	64.7415	926	3949.97	11466.971999999922	28.745361	142.173018	0	1	-37.842	111.62	179.01	277.47
675	5.1913	53.0104	27.1852	13.4243	70.99	1474	3151.89	11333.649999999921	127.557848	74.934335	1	1	-11.098	308.14	99.34	24.31
676	31.924	61.6653	6.5598	18.4524	4.1261	185	2952.46	11200.327999999921	132.345781	-52.445152	0	1	5.219	95.01	154.11	96.43
677	55.9617	68.1607	86.246	36.8812	6.6789	1326	2088.33	11067.005999999921	-2.613764	-153.050234	0	3	4.577	157.91	190.96	276.87
678	67.5715	28.4999	30.6769	90.2363	28.0209	230	711.12	10933.683999999921	149.073667	55.750438	1	2	-3.142	319.8	288.94	153.81
679	2.172	78.3499	52.6767	0.4072	79.886	1547	1989.23	10800.361999999921	113.696768	121.077914	0	5	1.522	60.71	293.62	165.19
680	92.8624	94.9592	10.6395	56.2489	3.8841	419	3457.57	10667.03999999992	135.452468	-35.943937	0	4	6.365	196.86	289.82	108.1
681	83.9488	65.7221	28.7713	64.0036	38.0212	1638	3299.6	10533.71799999992	63.753187	32.98622	1	2	19.324	170.08	313.47	85.31
682	93.9679	61.2668	71.6569	40.0008	1.3309	443	1164.53	10400.39599999992	-136.011225	-141.580992	1	5	-29.85	195.72	98.15	87.84
683	54.437	37.0248	79.6172	14.3826	60.3746	1330	4592.94	10267.07399999992	-108.391643	85.50812	1	5	8.458	58.53	306.56	281.29
684	72.0521	74.4534	52.7972	98.9586	19.5645	1046	3370.87	10133.75199999992	10.348114	-150.765341	0	2	-15.69	219.84	220.13	247.62
685	63.9745	92.8086	73.728	81.5095	21.2283	509	4594.79	10000.42999999992	-171.541481	122.075656	1	0	-27.834	327.87	67.31	321.53
686	61.3964	45.1199	9.9143	23.8997	59.6265	1652	4998.79	9867.10799999992	106.716193	-107.995486	0	2	-34.006	212.45	289.83	192.34
687	22.4418	23.9916	51.9378	3.2499	24.8107	1043	1672.61	9733.78599999992	162.093217	-111.658321	0	3	17.237	89.79	109.95	335.47
688	64.729	93.1477	65.418	51.7488	88.9357	149	2093.21	9600.46399999992	-52.529932	-53.747944	1	4	20.791	141.54	16.05	293.51
689	37.4158	78.8643	35.6838	61.5108	32.1011	1476	266.58	9467.14199999992	-172.609315	103.094478	1	5	12.549	199.59	211.3	320.7
690	54.8104	34.0666	32.5665	11.4912	79.8052	193	204.11	9333.81999999992	-106.154743	-159.582581	1	4	-20.705	221.05	225.7	44.64
691	16.3803	3.7718	91.3982	51.2611	24.8717	813	2906.46	9200.49799999992	87.878315	61.801144	1	6	23.307	324.59	198.04	136.8
692	16.8979	45.0164	78.9731	77.8444	69.6497	1139	3193.63	9067.17599999992	104.25849	6.961432	0	1	3.763	70.56	346.16	34.77
693	0.233	9.418	14.5847	92.0547	77.416	1051	3479.64	8933.85399999992	2.79991	-37.610716	1	1	-27.373	331.57	208.81	190.09
694	59.2764	71.0576	39.0354	95.2925	82.8557	830	1219.56	8800.53199999992	-123.811374	-119.249513	1	3	-10.956	343.73	309.38	218.38
695	96.7526	76.92	94.5116	0.9593	51.7442	1211	3534.18	8667.20999999992	77.144896	21.798792	0	6	-30.094	93.53	37.36	219.18
696	93.8458	90.3773	64.5868	11.8178	8.8767	433	4522.8	8533.887999999919	-146.478234	-160.448335	1	4	-25.397	260.75	153.86	20.79
697	9.5748	43.62	0.5777	57.4553	8.4667	576	2963.0	8400.565999999919	102.605218	-56.751718	1	1	13.724	344.82	21.78	138.73
698	10.4581	61.4863	20.7257	11.7252	28.6353	597	1951.09	8267.243999999919	-160.013115	44.206051	0	3	-0.162	347.38	113.39	144.56
699	95.6238	15.3683	85.4307	17.5416	52.7564	1336	4038.2	8133.921999999919	48.62291	61.675569	0	6	20.169	340.49	307.68	202.55
700	50.1157	27.8547	93.8591	61.9697	29.8498	1278	3027.48	8000.5999999999185	83.49947	-122.529809	0	3	-22.528	306.48	27.6	63.75
701	42.108	53.3504	11.6534	10.8515	20.8992	1204	1736.21	7867.277999999918	177.650226	107.651781	1	2	11.754	57.9	194.95	204.53
702	85.4632	82.9867	76.7003	84.9558	94.7825	1598	4160.18	7733.955999999918	124.613574	-15.887283	1	0	4.467	20.37	32.62	25.84
703	72.2005	62.9008	11.3887	32.179	73.7181	314	4336.4	7600.633999999918	-90.118734	-177.832169	1	1	23.612	111.83	52.22	13.16
704	52.423	6.1022	14.8654	56.5622	26.1336	953	548.59	7467.311999999918	163.061438	-27.657153	1	1	-30.953	130.97	284.77	302.61
705	68.8462	7.9033	41.9062	71.5467	92.2209	937	3180.67	7333.989999999918	-84.201026	144.424628	0	5	-21.021	245.61	24.3	68.1
706	65.565	32.1246	89.1155	92.5191	63.9314	187	4552.63	7200.667999999918	102.067083	-136.650334	0	4	-4.78	139.97	63.67	7.11
707	38.2469	5.7369	78.7546	12.4358	94.6891	1242	784.03	7067.345999999918	128.353508	-82.123863	1	5	-6.165	42.56	286.7	55.73
708	9.8311	15.1185	12.5007	68.7913	19.0605	50	4903.69	6934.023999999918	-66.057518	-164.633323	1	0	17.189	213.02	115.25	247.52
709	18.4659	81.3301	47.1915	87.4441	91.5363	976	4430.06	6800.7019999999175	-65.007425	67.383224	0	3	-21.137	64.94	90.39	127.36
710	86.2589	34.661	64.5556	75.7036	12.6079	489	3308.09	6667.379999999917	-72.284721	-114.360539	1	4	-8.324	282.19	291.74	281.91
711	97.7854	72.5901	16.9702	50.1876	0.7774	1522	2744.66	6534.057999999917	132.410374	83.857032	1	2	-35.617	336.66	256.65	0.8
712	24.404	19.7967	24.0714	45.4735	49.5288	601	2814.18	6400.735999999917	-99.758212	-9.430365	0	5	-28.949	19.67	168.42	337.38
713	49.0452	73.2609	80.9668	27.6434	55.5032	1371	4245.95	6267.413999999917	-45.447483	-140.223759	0	1	-13.508	237.43	343.61	41.28
714	22.673	28.0568	97.1295	65.6233	76.4319	736	2078.87	6134.091999999917	141.478613	129.495438	1	6	29.122	234.65	185.36	35.27
715	29.2625	93.4398	3.3703	42.5498	24.3584	1210	685.06	6000.769999999917	171.544751	86.689064	1	5	-23.661	237.59	274.19	278.81
716	8.3427	12.9995	27.6599	41.1377	56.0092	1545	2136.58	5867.447999999917	95.426926	84.100434	1	1	-6.516	151.73	242.43	64.95
717	42.893	32.7803	31.4169	48.3375	82.3766	1	179.22	5734.1259999999165	-61.425487	111.721981	1	6	-0.608	248.89	269.13	231.0
718	68.5797	89.6645	21.0236	32.0448	56.0039	296	1819.28	5600.803999999916	91.240655	-47.628179	1	1	18.73	154.95	316.8	304.1
719	51.2696	12.9265	71.1671	50.8165	81.815	431	399.4	5467.481999999916	160.973839	-37.267717	1	3	-2.551	39.83	351.18	198.07
720	34.3583	26.7519	56.7189	92.4881	11.6762	724	238.33	5334.159999999916	170.936766	83.173868	1	2	-35.46	265.98	237.64	169.08
721	12.2668	3.6614	29.2446	80.4518	4.3099	788	2616.43	5200.837999999916	-25.96678	149.291646	1	2	-14.583	317.5	174.81	331.57
722	8.9116	19.3134	32.6358	49.6369	8.6576	904	564.45	5067.515999999916	-89.069936	-60.3549	0	4	1.844	263.87	99.07	211.12
723	15.5731	30.8823	66.1577	52.9342	4.6027	1435	3452.93	4934.193999999916	160.217567	-99.232299	0	5	-18.974	347.17	272.43	200.87
724	87.4753	2.5678	52.0924	90.3236	86.1889	436	3356.23	4800.871999999916	-62.710483	-60.131779	0	1	-31.397	231.45	13.99	46.1
725	84.0771	7.105	5.7001	66.1819	58.9855	1512	2983.65	4667.549999999916	149.465933	-64.563146	0	5	-26.674	193.12	74.97	117.83
726	23.8257	71.532	81.695	66.738	34.921	596	1141.47	4534.2279999999155	-80.231778	-113.568315	1	6	9.506	223.54	159.16	34.93
727	50.4343	42.454	61.28	88.3413	59.6744	1648	194.42	4400.905999999915	-148.679685	87.364854	1	5	3.074	195.99	85.52	149.66
728	2.1867	6.6809	43.2486	26.8511	4.3643	1618	318.9	4267.583999999915	-137.955652	-166.176917	1	6	-38.873	238.84	229.28	55.55
729	2.9149	56.8786	3.1448	21.8097	86.8504	1162	2825.69	4134.261999999915	-109.729829	-175.690925	1	2	-23.959	144.09	23.54	342.3
730	68.7761	15.6059	56.5868	69.8873	33.5634	1106	2386.73	4000.939999999915	-38.719696	116.966348	1	4	-34.13	24.26	198.82	74.26
731	17.1631	10.7756	41.4253	25.606	27.3288	1572	1799.48	3867.617999999915	-11.118018	-1.367536	0	2	3.602	290.58	34.75	86.19
732	1.7604	48.6261	42.785	10.0226	44.8382	41	627.08	3734.295999999915	-152.130331	-109.273738	0	1	12.984	257.97	312.75	85.79
733	8.8157	95.5675	61.5655	89.1451	53.0146	691	190.51	3600.9739999999147	-132.505038	178.544557	1	2	15.914	323.72	80.56	24.63
734	7.5533	40.7752	54.9719	40.0587	75.1903	1169	3266.49	3467.6519999999146	-64.375169	83.354336	0	2	1.853	155.0	269.46	228.68
735	13.5411	17.9544	72.601	27.4492	21.1718	579	2886.53	3334.3299999999144	109.615927	-70.862557	1	3	-12.1	227.93	359.98	353.84
736	80.8162	0.4616	90.1375	42.3622	3.6838	869	590.84	3201.0079999999143	-76.072029	-112.069026	1	3	-18.763	10.24	9.08	348.82
737	4.2332	42.5923	42.401	52.3205	81.3535	883	4279.02	3067.685999999914	-107.218406	-6.346625	1	4	-7.348	0.99	248.28	177.16
738	36.2172	22.9021	21.5421	36.9344	72.3662	421	1294.09	2934.363999999914	77.617723	-153.980144	1	4	-36.696	349.05	83.58	306.65
739	88.3055	77.2658	41.6995	4.369	81.5788	342	2982.23	2801.041999999914	-9.565685	48.184666	0	3	-22.818	91.9	277.6	230.18
740	61.7704	96.1896	56.7289	7.5683	42.1404	233	2933.88	2667.719999999914	-112.320801	-7.947704	1	6	-7.258	59.46	240.6	6.03
741	78.7758	83.9299	7.3993	6.6645	77.8251	299	3895.63	2534.3979999999137	-62.887623	1.291578	0	4	6.705	302.93	12.73	83.61
742	84.9895	63.2583	46.0839	48.2266	7.2878	727	4312.21	2401.0759999999136	-81.756539	-5.974168	0	2	-4.315	295.34	104.02	191.57
743	84.1663	42.9903	24.3858	40.554	79.7357	195	4590.94	2267.7539999999135	-103.931602	-102.738001	1	3	-10.574	15.11	200.67	300.47
744	91.8269	75.8814	94.2683	54.7226	94.408	1483	3886.35	2134.4319999999134	43.975075	0.988667	0	5	-38.076	164.37	140.34	126.75
745	33.9546	7.349	81.6672	14.7903	60.2626	1179	2968.05	2001.1099999999133	46.997738	-5.853881	0	1	-22.26	34.81	170.7	356.46
746	63.928	49.8799	81.6446	17.6676	54.9186	1037	4502.41	1867.7879999999132	75.374149	-87.481289	1	3	5.367	137.46	86.12	349.25
747	4.8747	52.3142	19.8693	72.5004	65.6598	1274	2469.42	1734.465999999913	-73.255948	-97.744486	0	4	-24.32	303.42	0.4	42.99
748	2.5398	36.4036	72.1085	34.3665	92.127	1339	4447.21	1601.143999999913	-113.979716	80.422873	0	2	12.653	128.67	57.53	89.43
749	38.0892	88.6575	50.0595	86.3179	25.8656	1686	4431.58	1467.8219999999128	-114.8231	73.749235	1	1	20.418	271.7	293.75	164.46
750	95.6224	22.5822	73.1019	20.3451	27.7654	381	48.36	1334.4999999999127	14.954863	-36.250826	0	1	-28.5	302.31	306.68	25.37
751	87.6137	2.6889	46.1665	90.7031	31.4425	1716	159.04	1201.1779999999126	139.132694	-24.583019	0	1	-8.424	63.83	313.48	42.55
752	25.0292	89.9487	56.8003	66.1192	74.6895	1319	4983.0	1067.8559999999125	-161.346725	152.633624	0	1	-12.726	173.47	58.1	357.09
753	10.9567	32.3708	27.6566	23.7689	89.9616	1275	1004.11	934.5339999999125	-55.747329	48.994685	1	3	-8.029	208.79	103.85	195.39
754	50.0368	15.137	32.7945	74.3539	67.5419	792	344.67	801.2119999999125	-13.123705	-18.286755	0	5	8.888	231.34	87.17	264.05
755	91.8268	53.1077	55.4942	57.9971	3.989	100	2957.93	667.8899999999124	147.636482	-163.536349	0	3	27.958	155.57	55.38	274.11
756	24.1218	23.4324	21.221	13.732	45.5689	1595	3206.02	534.5679999999124	27.595017	-120.57671	0	0	-34.151	331.09	200.0	49.87
757	30.9396	73.7839	37.8718	85.5646	49.0197	1468	3807.95	401.24599999991244	-174.451005	14.077894	1	5	-9.348	149.96	256.13	313.12
758	16.427	93.6272	59.1263	80.2325	13.2651	1233	565.64	267.92399999991244	-117.643956	-67.492247	0	2	13.736	100.1	183.74	7.99
759	62.7146	69.2434	62.8793	73.4212	65.248	885	3647.54	134.60199999991244	-48.049929	71.98213	0	3	-15.021	242.62	254.87	159.31
760	65.0967	22.0929	68.0106	36.306	60.8391	1571	2661.27	1.2799999999124339	-41.851978	153.46293	0	4	6.634	136.17	294.22	294.59
